{"stats":{"minecraft:custom":{"minecraft:time_since_rest":17473,"lootr:looted_stat":6,"minecraft:interact_with_furnace":3,"minecraft:sprint_one_cm":66446,"minecraft:damage_taken":525,"minecraft:walk_one_cm":45972,"minecraft:mob_kills":2,"minecraft:drop":3,"minecraft:damage_dealt":739,"minecraft:talked_to_villager":2,"minecraft:interact_with_crafting_table":3,"minecraft:fly_one_cm":70316,"minecraft:crouch_one_cm":5013,"minecraft:play_time":26746,"minecraft:sneak_time":1857,"minecraft:walk_under_water_one_cm":101,"minecraft:damage_dealt_resisted":269,"minecraft:jump":564,"minecraft:leave_game":1,"minecraft:time_since_death":26746,"minecraft:walk_on_water_one_cm":418,"minecraft:sleep_in_bed":3,"minecraft:climb_one_cm":2823,"minecraft:total_world_time":26746,"minecraft:fall_one_cm":12684},"minecraft:killed":{"minecraft:salmon":1,"majruszsdifficulty:cursed_armor":1},"minecraft:used":{"minecraft:diorite":1,"minecraft:apple":1,"minecraft:bread":2,"minecraft:melon_slice":13,"minecraft:stone_pickaxe":42,"minecraft:string":1,"gobber2:gobber2_gooey_bread":1,"minecraft:iron_helmet":1,"minecraft:iron_sword":42,"minecraft:torch":4,"minecraft:stone_axe":44,"minecraft:salmon":1,"minecraft:dirt":16,"minecraft:oak_sapling":10,"minecraft:cod":1},"minecraft:mined":{"minecraft:iron_ore":4,"minecraft:andesite":5,"minecraft:grass":2,"minecraft:coal_ore":2,"minecraft:grass_block":5,"minecraft:oak_log":38,"minecraft:melon":2,"minecraft:dirt":19,"minecraft:copper_ore":2,"minecraft:tall_grass":1,"minecraft:cracked_stone_bricks":1,"minecraft:stone_bricks":3,"minecraft:stone":181,"minecraft:diorite":13,"minecraft:oak_leaves":3,"minecraft:tripwire":1,"minecraft:wall_torch":1},"minecraft:picked_up":{"minecraft:stick":5,"minecraft:raw_iron":12,"minecraft:andesite":5,"minecraft:salmon":1,"minecraft:torch":1,"artifacts:onion_ring":1,"minecraft:oak_log":38,"minecraft:diorite":5,"minecraft:shield":1,"minecraft:string":1,"minecraft:dirt":24,"minecraft:raw_copper":9,"minecraft:rotten_flesh":1,"minecraft:apple":1,"minecraft:stone_bricks":3,"minecraft:cracked_stone_bricks":1,"minecraft:stone_axe":1,"minecraft:wheat_seeds":1,"minecraft:iron_helmet":1,"minecraft:granite":2,"minecraft:stone_pickaxe":1,"minecraft:oak_sapling":24,"minecraft:melon_slice":13,"minecraft:coal":2,"minecraft:iron_boots":1,"gobber2:gobber2_gooey_bread":3,"minecraft:cobblestone":171},"minecraft:crafted":{"minecraft:oak_planks":4,"minecraft:crafting_table":1,"minecraft:torch":4},"minecraft:dropped":{"ars_nouveau:sourceberry_bush":3,"minecraft:cobblestone":21,"ars_nouveau:wilden_wing":2}},"DataVersion":3465}