{"stats":{"minecraft:killed_by":{"minecraft:skeleton":1,"mowziesmobs:umvuthi":4},"minecraft:dropped":{"gobber2:gobber2_leggings":2,"gobber2:gobber2_boots":1,"minecraft:obsidian":3,"tombstone:gift":1,"patchouli:guide_book":1,"ars_nouveau:worn_notebook":1,"minecraft:shield":1,"gobber2:gobber2_chestplate":2,"gobber2:gobber2_helmet":1},"minecraft:custom":{"lootr:looted_stat":5,"minecraft:interact_with_furnace":5,"minecraft:mob_kills":13,"minecraft:interact_with_crafting_table":6,"minecraft:damage_dealt_resisted":8,"minecraft:leave_game":4,"minecraft:time_since_death":28835,"minecraft:climb_one_cm":3691,"minecraft:damage_resisted":0,"minecraft:time_since_rest":28786,"minecraft:waystone_activated":1,"minecraft:sprint_one_cm":238111,"minecraft:damage_taken":2201,"minecraft:walk_one_cm":111496,"minecraft:drop":11,"minecraft:damage_dealt":2881,"minecraft:talked_to_villager":2,"minecraft:swim_one_cm":2310,"minecraft:fly_one_cm":538543,"minecraft:player_kills":2,"minecraft:open_chest":37,"minecraft:crouch_one_cm":9083,"minecraft:play_time":63377,"tombstone:undead_killed":1,"minecraft:deaths":7,"minecraft:sneak_time":3076,"minecraft:walk_under_water_one_cm":6478,"minecraft:jump":2327,"minecraft:walk_on_water_one_cm":3356,"minecraft:total_world_time":63377,"minecraft:fall_one_cm":70228},"minecraft:crafted":{"minecraft:oak_planks":28,"minecraft:diamond_sword":1,"minecraft:crafting_table":3,"minecraft:bread":3,"minecraft:cooked_mutton":2,"minecraft:air":0,"minecraft:diamond_pickaxe":1,"minecraft:stick":8,"minecraft:wooden_axe":1,"minecraft:wheat":9},"minecraft:killed":{"minecraft:pig":1,"minecraft:iron_golem":1,"minecraft:sheep":5,"minecraft:skeleton":1,"mowziesmobs:umvuthana_crane":1,"mowziesmobs:umvuthana":2,"minecraft:cow":2},"minecraft:mined":{"minecraft:spruce_planks":1,"minecraft:blackstone":18,"minecraft:basalt":63,"minecraft:soul_fire":1,"minecraft:dandelion":1,"minecraft:crafting_table":1,"minecraft:torch":1,"minecraft:grass_block":5,"minecraft:melon":2,"minecraft:nether_quartz_ore":12,"minecraft:soul_soil":3,"minecraft:cobblestone":2,"minecraft:hay_block":1,"ars_nouveau:archwood_planks":9,"minecraft:fire":2,"minecraft:cobbled_deepslate":1,"minecraft:tnt":4,"minecraft:grass":8,"minecraft:oak_log":5,"minecraft:iron_bars":2,"minecraft:dirt":7,"minecraft:stripped_oak_log":3,"minecraft:netherrack":87,"minecraft:stone":1,"minecraft:white_wool":3,"minecraft:oak_leaves":1},"minecraft:picked_up":{"minecraft:stripped_oak_log":3,"minecraft:crafting_table":1,"minecraft:feather":3,"minecraft:basalt":63,"minecraft:leather":1,"gobber2:gobber2_leggings":1,"minecraft:oak_log":5,"ars_nouveau:archwood_planks":9,"minecraft:dirt":11,"minecraft:soul_soil":3,"gobber2:gobber2_helmet":1,"minecraft:bone":3,"minecraft:blackstone":18,"minecraft:cobbled_deepslate":1,"minecraft:spruce_planks":1,"minecraft:iron_ingot":5,"minecraft:beef":3,"minecraft:diamond_helmet":1,"minecraft:melon_slice":12,"minecraft:egg":4,"minecraft:quartz":12,"minecraft:torch":1,"minecraft:dandelion":1,"gobber2:gobber2_chestplate":1,"minecraft:porkchop":2,"minecraft:tnt":4,"minecraft:arrow":3,"minecraft:hay_block":1,"minecraft:netherrack":87,"gobber2:gobber2_boots":1,"mowziesmobs:umvuthana_mask_fear":1,"minecraft:iron_bars":2,"minecraft:mutton":6,"minecraft:white_wool":8,"minecraft:cobblestone":1},"minecraft:used":{"minecraft:cooked_mutton":2,"minecraft:iron_bars":2,"mowziesmobs:umvuthana_mask_fear":1,"minecraft:oak_planks":19,"gobber2:gobber2_boots":1,"minecraft:spruce_planks":1,"minecraft:iron_sword":27,"minecraft:grass":1,"minecraft:netherrack":80,"minecraft:iron_chestplate":3,"minecraft:white_wool":4,"minecraft:torch":1,"minecraft:dirt":11,"minecraft:mutton":4,"minecraft:tnt":1,"minecraft:crafting_table":4,"ars_nouveau:archwood_planks":24,"minecraft:oak_log":1,"minecraft:wooden_axe":27,"minecraft:diamond_pickaxe":3,"minecraft:melon_slice":12,"minecraft:bread":4,"minecraft:iron_pickaxe":73,"gobber2:gobber2_helmet":1,"minecraft:diamond_sword":6,"minecraft:beef":3,"minecraft:soul_soil":3,"minecraft:porkchop":2,"minecraft:cooked_beef":2,"minecraft:egg":4,"minecraft:dandelion":1,"minecraft:cobbled_deepslate":1}},"DataVersion":3465}