{"stats":{"minecraft:killed_by":{"mowziesmobs:umvuthi":4,"minecraft:piglin":1,"minecraft:skeleton":4,"minecraft:blaze":1},"minecraft:dropped":{"minecraft:cobblestone":3,"ars_nouveau:worn_notebook":1,"ars_nouveau:wilden_wing":2,"ars_nouveau:source_gem":1,"minecraft:gold_ingot":5,"gobber2:gobber2_leggings":2,"minecraft:cobbled_deepslate":256,"gobber2:gobber2_boots":1,"minecraft:tuff":18,"minecraft:obsidian":3,"tombstone:gift":1,"patchouli:guide_book":1,"minecraft:shield":1,"gobber2:gobber2_chestplate":2,"apotheosis:gem":1,"gobber2:gobber2_helmet":1},"minecraft:custom":{"lootr:looted_stat":11,"minecraft:mob_kills":15,"minecraft:interact_with_crafting_table":9,"minecraft:damage_dealt_resisted":8,"minecraft:leave_game":6,"minecraft:time_since_death":5848,"minecraft:climb_one_cm":9309,"minecraft:damage_resisted":0,"minecraft:sprint_one_cm":373366,"minecraft:walk_one_cm":178005,"minecraft:drop":21,"minecraft:talked_to_villager":2,"minecraft:play_time":107410,"minecraft:deaths":12,"minecraft:sneak_time":9179,"minecraft:walk_under_water_one_cm":8505,"minecraft:jump":3407,"minecraft:walk_on_water_one_cm":6755,"minecraft:total_world_time":107410,"minecraft:interact_with_furnace":5,"minecraft:time_since_rest":4389,"minecraft:waystone_activated":1,"minecraft:damage_taken":4281,"minecraft:damage_dealt":4099,"minecraft:swim_one_cm":9201,"minecraft:fly_one_cm":694484,"minecraft:player_kills":2,"minecraft:open_chest":40,"minecraft:crouch_one_cm":29882,"tombstone:undead_killed":2,"minecraft:fall_one_cm":101220},"minecraft:crafted":{"minecraft:oak_planks":28,"minecraft:cooked_mutton":2,"tombstone:grave_key":1,"minecraft:wheat":9,"minecraft:diamond_sword":1,"minecraft:crafting_table":4,"minecraft:iron_sword":1,"minecraft:bread":3,"minecraft:air":0,"minecraft:diamond_pickaxe":1,"minecraft:stick":12,"minecraft:wooden_axe":1},"minecraft:killed":{"minecraft:skeleton":2,"mowziesmobs:umvuthana_crane":1,"mowziesmobs:umvuthana":2,"minecraft:piglin":1,"minecraft:pig":1,"minecraft:iron_golem":1,"minecraft:sheep":5,"minecraft:cow":2},"minecraft:mined":{"minecraft:tuff":20,"minecraft:spruce_planks":1,"minecraft:jungle_leaves":4,"minecraft:grass_block":5,"minecraft:soul_soil":3,"minecraft:hay_block":1,"minecraft:cobbled_deepslate":1,"minecraft:fire":6,"minecraft:andesite":7,"minecraft:vine":1,"minecraft:iron_bars":2,"minecraft:stripped_oak_log":3,"minecraft:stone":16,"minecraft:white_wool":3,"minecraft:blackstone":37,"minecraft:soul_sand":1,"minecraft:soul_fire":1,"minecraft:basalt":64,"minecraft:dandelion":1,"minecraft:crafting_table":1,"minecraft:torch":5,"minecraft:melon":2,"gobber2:gobber2_lucky_block_nether":13,"minecraft:nether_quartz_ore":17,"minecraft:cobblestone":2,"minecraft:oak_planks":7,"minecraft:wall_torch":4,"ars_nouveau:archwood_planks":9,"minecraft:tnt":4,"minecraft:grass":9,"minecraft:oak_log":9,"minecraft:dirt":7,"minecraft:netherrack":161,"minecraft:oak_leaves":2,"minecraft:deepslate":268},"minecraft:picked_up":{"minecraft:crafting_table":1,"ars_nouveau:archwood_planks":9,"minecraft:soul_soil":3,"gobber2:gobber2_glass_nether":2,"minecraft:blackstone":37,"minecraft:cobbled_deepslate":374,"minecraft:spruce_planks":1,"minecraft:beef":3,"minecraft:jungle_sapling":1,"minecraft:melon_slice":12,"minecraft:egg":4,"apotheosis:gem":1,"minecraft:torch":9,"minecraft:porkchop":2,"ars_nouveau:split_arrow":17,"minecraft:tnt":4,"minecraft:arrow":3,"minecraft:hay_block":1,"minecraft:cobblestone":16,"minecraft:mutton":6,"minecraft:glow_berries":3,"minecraft:iron_bars":2,"minecraft:white_wool":8,"minecraft:stripped_oak_log":3,"minecraft:feather":3,"minecraft:basalt":64,"minecraft:andesite":7,"minecraft:leather":1,"gobber2:gobber2_leggings":1,"minecraft:tuff":20,"minecraft:oak_log":9,"gobber2:gobber2_gooey_bread_nether":2,"minecraft:dirt":11,"gobber2:gobber2_helmet":1,"minecraft:bone":3,"ars_nouveau:source_gem":5,"minecraft:iron_ingot":5,"gobber2:gobber2_gooey_beefstew_nether":2,"minecraft:diamond_helmet":1,"minecraft:soul_sand":5,"minecraft:oak_planks":7,"gobber2:gobber2_rod_nether":2,"minecraft:quartz":17,"minecraft:dandelion":1,"gobber2:gobber2_chestplate":1,"minecraft:crying_obsidian":7,"minecraft:bread":2,"mowziesmobs:umvuthana_mask_fear":1,"minecraft:netherrack":163,"gobber2:gobber2_boots":1,"gobber2:gobber2_goo_nether":4,"minecraft:ender_pearl":4},"minecraft:used":{"minecraft:iron_bars":2,"mowziesmobs:umvuthana_mask_fear":1,"gobber2:gobber2_boots":1,"minecraft:spruce_planks":1,"minecraft:iron_sword":49,"minecraft:grass":1,"minecraft:netherrack":133,"minecraft:iron_chestplate":3,"minecraft:torch":10,"gobber2:gobber2_goo_nether":1,"minecraft:soul_sand":1,"minecraft:dirt":11,"minecraft:mutton":4,"minecraft:wooden_axe":27,"gobber2:gobber2_helmet":1,"minecraft:basalt":64,"minecraft:beef":3,"minecraft:soul_soil":3,"minecraft:egg":4,"minecraft:cooked_beef":2,"minecraft:cobbled_deepslate":9,"minecraft:cooked_mutton":2,"minecraft:oak_planks":19,"minecraft:blackstone":37,"minecraft:white_wool":4,"minecraft:tnt":1,"minecraft:crafting_table":5,"ars_nouveau:archwood_planks":24,"gobber2:gobber2_gooey_bread_nether":1,"minecraft:oak_log":1,"minecraft:diamond_pickaxe":102,"minecraft:melon_slice":12,"minecraft:bread":6,"minecraft:iron_pickaxe":73,"gobber2:gobber2_gooey_beefstew_nether":1,"minecraft:diamond_sword":23,"minecraft:cobblestone":12,"minecraft:porkchop":2,"minecraft:andesite":7,"minecraft:dandelion":1}},"DataVersion":3465}