{"stats":{"minecraft:killed_by":{"mowziesmobs:umvuthi":4},"minecraft:dropped":{"ars_nouveau:worn_notebook":1,"minecraft:shield":1,"minecraft:obsidian":3,"tombstone:gift":1,"patchouli:guide_book":1},"minecraft:custom":{"minecraft:time_since_rest":1,"minecraft:waystone_activated":1,"minecraft:damage_taken":1408,"lootr:looted_stat":4,"minecraft:sprint_one_cm":125052,"minecraft:walk_one_cm":35721,"minecraft:mob_kills":8,"minecraft:drop":5,"minecraft:damage_dealt":1347,"minecraft:interact_with_crafting_table":1,"minecraft:player_kills":2,"minecraft:talked_to_villager":1,"minecraft:fly_one_cm":305155,"minecraft:open_chest":7,"minecraft:crouch_one_cm":495,"minecraft:play_time":26063,"minecraft:deaths":5,"minecraft:sneak_time":340,"minecraft:damage_dealt_resisted":8,"minecraft:jump":1177,"minecraft:leave_game":3,"minecraft:time_since_death":223,"minecraft:walk_on_water_one_cm":215,"minecraft:climb_one_cm":3691,"minecraft:total_world_time":26063,"minecraft:damage_resisted":0,"minecraft:fall_one_cm":40899},"minecraft:crafted":{"minecraft:oak_planks":28,"minecraft:crafting_table":1,"minecraft:stick":4,"minecraft:wooden_axe":1},"minecraft:killed":{"minecraft:sheep":2,"minecraft:pig":1,"mowziesmobs:umvuthana_crane":1,"mowziesmobs:umvuthana":2,"minecraft:cow":2},"minecraft:mined":{"minecraft:fire":2,"minecraft:dandelion":1,"minecraft:grass":7,"minecraft:grass_block":5,"minecraft:oak_log":4,"minecraft:melon":2,"minecraft:dirt":5,"minecraft:stripped_oak_log":3,"minecraft:cobblestone":2,"minecraft:oak_leaves":1},"minecraft:picked_up":{"minecraft:stripped_oak_log":3,"minecraft:feather":3,"minecraft:leather":1,"minecraft:dandelion":1,"minecraft:porkchop":2,"minecraft:oak_log":4,"minecraft:dirt":9,"minecraft:beef":3,"mowziesmobs:umvuthana_mask_fear":1,"minecraft:melon_slice":12,"minecraft:mutton":1,"minecraft:white_wool":1,"minecraft:egg":3},"minecraft:used":{"minecraft:wooden_axe":5,"mowziesmobs:umvuthana_mask_fear":1,"minecraft:oak_planks":19,"minecraft:bread":1,"minecraft:melon_slice":12,"minecraft:iron_pickaxe":5,"minecraft:iron_sword":27,"minecraft:iron_chestplate":3,"minecraft:white_wool":1,"minecraft:dirt":9,"minecraft:mutton":1,"minecraft:beef":3,"minecraft:crafting_table":1,"minecraft:porkchop":2,"minecraft:egg":3,"minecraft:dandelion":1}},"DataVersion":3465}