{"stats":{"minecraft:custom":{"lootr:looted_stat":61,"minecraft:mob_kills":33,"minecraft:interact_with_crafting_table":11,"minecraft:damage_dealt_resisted":8,"minecraft:leave_game":13,"minecraft:time_since_death":22748,"minecraft:climb_one_cm":17828,"minecraft:damage_resisted":0,"minecraft:sprint_one_cm":775225,"minecraft:walk_one_cm":399775,"minecraft:drop":36,"minecraft:talked_to_villager":2,"minecraft:play_time":202328,"minecraft:deaths":24,"minecraft:sneak_time":19153,"minecraft:walk_under_water_one_cm":8505,"minecraft:jump":6679,"minecraft:walk_on_water_one_cm":8474,"minecraft:total_world_time":202328,"minecraft:interact_with_furnace":5,"minecraft:sleep_in_bed":1,"minecraft:time_since_rest":20349,"minecraft:waystone_activated":1,"minecraft:damage_taken":9178,"tombstone:sneak_grave":1,"minecraft:damage_dealt":8807,"minecraft:swim_one_cm":9201,"minecraft:player_kills":2,"minecraft:fly_one_cm":1383996,"minecraft:open_chest":64,"minecraft:crouch_one_cm":69499,"tombstone:undead_killed":6,"minecraft:fall_one_cm":264490},"minecraft:crafted":{"minecraft:wooden_sword":1,"minecraft:oak_planks":28,"minecraft:cooked_mutton":2,"minecraft:warped_planks":28,"tombstone:grave_key":1,"minecraft:wheat":9,"minecraft:diamond_sword":1,"minecraft:crafting_table":5,"minecraft:iron_sword":1,"minecraft:air":0,"minecraft:bread":3,"minecraft:diamond_pickaxe":1,"minecraft:stick":16,"minecraft:wooden_axe":1},"minecraft:killed":{"minecraft:skeleton":3,"mowziesmobs:umvuthana_crane":1,"minecraft:piglin_brute":1,"mowziesmobs:umvuthana":2,"arphex:spider_larvae_tiny":6,"minecraft:piglin":1,"minecraft:pig":1,"minecraft:iron_golem":1,"majruszsdifficulty:cursed_armor":1,"minecraft:sheep":5,"arphex:spider_larvae":4,"minecraft:wither_skeleton":3,"minecraft:blaze":1,"minecraft:cow":2},"minecraft:picked_up":{"minecraft:crafting_table":1,"minecraft:chainmail_boots":1,"minecraft:diamond_sword":1,"minecraft:potion":1,"ars_nouveau:archwood_planks":9,"minecraft:soul_soil":3,"minecraft:red_nether_bricks":3,"minecraft:item_frame":1,"gobber2:gobber2_glass_nether":3,"minecraft:shroomlight":2,"minecraft:blackstone":83,"minecraft:gold_nugget":29,"minecraft:cobbled_deepslate":379,"minecraft:spruce_planks":1,"minecraft:beef":3,"minecraft:jungle_sapling":1,"minecraft:iron_pickaxe":1,"minecraft:melon_slice":12,"minecraft:egg":6,"apotheosis:gem":2,"minecraft:torch":12,"minecraft:porkchop":2,"minecraft:polished_blackstone_bricks":3,"ars_nouveau:split_arrow":17,"minecraft:tnt":4,"minecraft:arrow":4,"minecraft:rotten_flesh":4,"gobber2:gobber2_gooey_beef_nether":2,"minecraft:nether_bricks":2,"minecraft:hay_block":1,"minecraft:cobblestone":16,"minecraft:glow_berries":3,"minecraft:blaze_rod":1,"minecraft:obsidian":1,"minecraft:mutton":6,"minecraft:iron_bars":2,"minecraft:white_wool":8,"minecraft:stripped_oak_log":3,"minecraft:feather":3,"minecraft:basalt":64,"minecraft:andesite":7,"minecraft:leather":1,"gobber2:gobber2_leggings":1,"minecraft:tuff":20,"minecraft:oak_log":9,"gobber2:gobber2_gooey_bread_nether":6,"minecraft:dirt":11,"gobber2:gobber2_helmet":1,"minecraft:red_nether_brick_stairs":3,"minecraft:bone":6,"ars_nouveau:source_gem":5,"minecraft:warped_stem":7,"minecraft:iron_ingot":5,"gobber2:gobber2_gooey_beefstew_nether":3,"minecraft:diamond_helmet":2,"minecraft:oak_planks":7,"minecraft:soul_sand":5,"gobber2:gobber2_rod_nether":4,"minecraft:cracked_nether_bricks":1,"minecraft:warped_wart_block":20,"minecraft:quartz":18,"minecraft:dandelion":1,"gobber2:gobber2_chestplate":1,"minecraft:nether_brick_slab":2,"minecraft:crying_obsidian":7,"minecraft:bread":2,"minecraft:warped_roots":4,"mowziesmobs:umvuthana_mask_fear":1,"minecraft:netherrack":369,"gobber2:gobber2_goo_nether":8,"gobber2:gobber2_boots":1,"minecraft:ender_pearl":4},"minecraft:mined":{"minecraft:tuff":20,"minecraft:spruce_planks":1,"minecraft:jungle_leaves":4,"minecraft:red_nether_bricks":4,"minecraft:nether_bricks":2,"minecraft:grass_block":5,"minecraft:soul_soil":3,"minecraft:cracked_nether_bricks":1,"minecraft:hay_block":1,"minecraft:polished_blackstone_bricks":3,"minecraft:red_nether_brick_stairs":3,"minecraft:nether_sprouts":3,"minecraft:cobbled_deepslate":1,"minecraft:fire":8,"minecraft:andesite":7,"minecraft:vine":1,"minecraft:iron_bars":2,"minecraft:warped_stem":6,"minecraft:stripped_oak_log":3,"minecraft:stone":16,"minecraft:white_wool":3,"minecraft:blackstone":84,"minecraft:soul_sand":1,"minecraft:soul_fire":3,"minecraft:basalt":64,"minecraft:dandelion":1,"minecraft:crafting_table":1,"minecraft:torch":6,"minecraft:melon":2,"minecraft:warped_roots":2,"gobber2:gobber2_lucky_block_nether":25,"minecraft:nether_brick_slab":2,"minecraft:nether_quartz_ore":17,"minecraft:cobblestone":2,"minecraft:oak_planks":7,"minecraft:wall_torch":6,"minecraft:warped_wart_block":5,"minecraft:warped_nylium":22,"ars_nouveau:archwood_planks":9,"minecraft:tnt":4,"minecraft:grass":9,"minecraft:oak_log":9,"minecraft:dirt":7,"minecraft:cobweb":1,"minecraft:netherrack":345,"minecraft:oak_leaves":3,"minecraft:deepslate":274},"minecraft:killed_by":{"arphex:spider_larvae_tiny":1,"minecraft:enderman":1,"minecraft:zoglin":1,"arphex:spider_larvae":1,"mowziesmobs:umvuthi":4,"apollyon:the_damned":1,"minecraft:piglin":5,"minecraft:skeleton":4,"minecraft:blaze":1},"minecraft:broken":{"mowziesmobs:umvuthana_mask_faith":1},"minecraft:dropped":{"minecraft:cobblestone":3,"minecraft:warped_roots":4,"ars_nouveau:worn_notebook":1,"minecraft:diamond_helmet":1,"minecraft:potion":2,"minecraft:jungle_sapling":1,"minecraft:wooden_sword":1,"minecraft:gold_nugget":16,"ars_nouveau:wilden_horn":3,"ars_nouveau:wilden_wing":6,"ars_nouveau:source_gem":1,"minecraft:gold_ingot":5,"gobber2:gobber2_leggings":2,"minecraft:cobbled_deepslate":256,"gobber2:gobber2_boots":1,"minecraft:tuff":18,"minecraft:obsidian":3,"tombstone:gift":1,"patchouli:guide_book":1,"minecraft:shield":1,"gobber2:gobber2_chestplate":2,"apotheosis:gem":3,"minecraft:chainmail_boots":1,"gobber2:gobber2_helmet":1,"minecraft:quartz":1},"minecraft:used":{"minecraft:iron_bars":2,"mowziesmobs:umvuthana_mask_fear":1,"gobber2:gobber2_boots":1,"minecraft:spruce_planks":1,"minecraft:iron_sword":163,"minecraft:red_nether_brick_stairs":3,"minecraft:grass":1,"minecraft:netherrack":340,"minecraft:iron_chestplate":3,"minecraft:torch":29,"gobber2:gobber2_goo_nether":8,"minecraft:soul_sand":1,"minecraft:dirt":11,"minecraft:warped_wart_block":20,"minecraft:mutton":4,"minecraft:nether_bricks":2,"minecraft:nether_brick_slab":2,"minecraft:shroomlight":2,"minecraft:wooden_axe":27,"mowziesmobs:umvuthana_mask_faith":1,"gobber2:gobber2_helmet":1,"minecraft:basalt":64,"minecraft:golden_carrot":4,"minecraft:beef":3,"minecraft:soul_soil":3,"tombstone:gift":2,"minecraft:egg":6,"minecraft:cooked_beef":2,"minecraft:cobbled_deepslate":246,"minecraft:cooked_mutton":2,"minecraft:oak_planks":19,"minecraft:ender_pearl":3,"minecraft:blackstone":83,"minecraft:white_wool":4,"minecraft:tnt":1,"minecraft:crafting_table":6,"ars_nouveau:archwood_planks":24,"gobber2:gobber2_gooey_bread_nether":6,"minecraft:warped_planks":20,"minecraft:oak_log":1,"minecraft:diamond_pickaxe":234,"minecraft:melon_slice":12,"minecraft:bread":6,"minecraft:iron_pickaxe":106,"gobber2:gobber2_gooey_beefstew_nether":3,"minecraft:golden_leggings":1,"minecraft:diamond_sword":74,"minecraft:wooden_sword":10,"minecraft:cobblestone":12,"minecraft:porkchop":2,"minecraft:andesite":7,"minecraft:dandelion":1,"gobber2:gobber2_gooey_beef_nether":2}},"DataVersion":3465}