{"stats":{"minecraft:dropped":{"ars_nouveau:worn_notebook":1,"minecraft:shield":1,"minecraft:obsidian":3,"tombstone:gift":1,"patchouli:guide_book":1},"minecraft:custom":{"minecraft:time_since_rest":3645,"minecraft:waystone_activated":1,"minecraft:sprint_one_cm":66503,"lootr:looted_stat":4,"minecraft:damage_taken":526,"minecraft:walk_one_cm":10320,"minecraft:mob_kills":2,"minecraft:drop":5,"minecraft:damage_dealt":395,"minecraft:interact_with_crafting_table":1,"minecraft:player_kills":2,"minecraft:fly_one_cm":123187,"minecraft:open_chest":1,"minecraft:crouch_one_cm":306,"minecraft:play_time":12991,"minecraft:deaths":1,"minecraft:sneak_time":283,"minecraft:jump":576,"minecraft:walk_on_water_one_cm":215,"minecraft:time_since_death":3954,"minecraft:climb_one_cm":3691,"minecraft:total_world_time":12991,"minecraft:fall_one_cm":17332},"minecraft:crafted":{"minecraft:oak_planks":12,"minecraft:crafting_table":1,"minecraft:stick":4,"minecraft:wooden_axe":1},"minecraft:killed":{"minecraft:cow":2},"minecraft:mined":{"minecraft:fire":1,"minecraft:dandelion":1,"minecraft:grass":2,"minecraft:grass_block":4,"minecraft:oak_log":4,"minecraft:melon":2,"minecraft:dirt":4,"minecraft:stripped_oak_log":3,"minecraft:cobblestone":2,"minecraft:oak_leaves":1},"minecraft:picked_up":{"minecraft:stripped_oak_log":3,"minecraft:leather":1,"minecraft:dandelion":1,"minecraft:oak_log":4,"minecraft:dirt":7,"minecraft:beef":3,"minecraft:melon_slice":12,"minecraft:egg":2},"minecraft:used":{"minecraft:wooden_axe":5,"minecraft:melon_slice":12,"minecraft:bread":1,"minecraft:iron_pickaxe":5,"minecraft:iron_sword":6,"minecraft:dirt":1,"minecraft:beef":3,"minecraft:crafting_table":1,"minecraft:egg":2,"minecraft:dandelion":1}},"DataVersion":3465}