{"stats":{"minecraft:killed_by":{"mowziesmobs:umvuthi":4},"minecraft:dropped":{"ars_nouveau:worn_notebook":1,"minecraft:shield":1,"minecraft:obsidian":3,"tombstone:gift":1,"patchouli:guide_book":1},"minecraft:custom":{"minecraft:time_since_rest":397,"minecraft:waystone_activated":1,"minecraft:damage_taken":1633,"lootr:looted_stat":4,"minecraft:sprint_one_cm":149121,"minecraft:walk_one_cm":55390,"minecraft:mob_kills":9,"minecraft:drop":5,"minecraft:damage_dealt":1427,"minecraft:interact_with_crafting_table":1,"minecraft:player_kills":2,"minecraft:talked_to_villager":1,"minecraft:fly_one_cm":357026,"minecraft:open_chest":7,"minecraft:crouch_one_cm":609,"minecraft:play_time":33377,"minecraft:deaths":6,"minecraft:sneak_time":391,"minecraft:walk_under_water_one_cm":6140,"minecraft:jump":1409,"minecraft:damage_dealt_resisted":8,"minecraft:leave_game":4,"minecraft:time_since_death":514,"minecraft:walk_on_water_one_cm":2803,"minecraft:climb_one_cm":3691,"minecraft:total_world_time":33377,"minecraft:damage_resisted":0,"minecraft:fall_one_cm":47307},"minecraft:crafted":{"minecraft:oak_planks":28,"minecraft:crafting_table":1,"minecraft:stick":4,"minecraft:wooden_axe":1},"minecraft:killed":{"minecraft:sheep":3,"minecraft:pig":1,"mowziesmobs:umvuthana_crane":1,"mowziesmobs:umvuthana":2,"minecraft:cow":2},"minecraft:mined":{"minecraft:fire":2,"minecraft:dandelion":1,"minecraft:crafting_table":1,"minecraft:grass":8,"minecraft:grass_block":5,"minecraft:oak_log":4,"minecraft:melon":2,"minecraft:dirt":7,"minecraft:stripped_oak_log":3,"minecraft:cobblestone":2,"minecraft:oak_leaves":1},"minecraft:picked_up":{"minecraft:stripped_oak_log":3,"minecraft:crafting_table":1,"minecraft:feather":3,"minecraft:leather":1,"minecraft:dandelion":1,"minecraft:porkchop":2,"minecraft:oak_log":4,"minecraft:dirt":11,"minecraft:beef":3,"mowziesmobs:umvuthana_mask_fear":1,"minecraft:melon_slice":12,"minecraft:mutton":3,"minecraft:white_wool":3,"minecraft:egg":3},"minecraft:used":{"minecraft:wooden_axe":7,"mowziesmobs:umvuthana_mask_fear":1,"minecraft:oak_planks":19,"minecraft:bread":1,"minecraft:melon_slice":12,"minecraft:iron_pickaxe":5,"minecraft:iron_sword":27,"minecraft:iron_chestplate":3,"minecraft:white_wool":1,"minecraft:dirt":11,"minecraft:mutton":3,"minecraft:beef":3,"minecraft:crafting_table":2,"minecraft:porkchop":2,"minecraft:egg":3,"minecraft:dandelion":1}},"DataVersion":3465}