{"stats":{"minecraft:killed_by":{"minecraft:piglin":1,"minecraft:skeleton":1,"minecraft:blaze":1,"mowziesmobs:umvuthi":4},"minecraft:dropped":{"gobber2:gobber2_leggings":2,"gobber2:gobber2_boots":1,"minecraft:obsidian":3,"tombstone:gift":1,"patchouli:guide_book":1,"ars_nouveau:worn_notebook":1,"minecraft:shield":1,"gobber2:gobber2_chestplate":2,"apotheosis:gem":1,"gobber2:gobber2_helmet":1,"ars_nouveau:wilden_wing":2,"ars_nouveau:source_gem":1,"minecraft:gold_ingot":5},"minecraft:custom":{"lootr:looted_stat":7,"minecraft:interact_with_furnace":5,"minecraft:mob_kills":14,"minecraft:interact_with_crafting_table":6,"minecraft:damage_dealt_resisted":8,"minecraft:leave_game":4,"minecraft:time_since_death":2488,"minecraft:climb_one_cm":4635,"minecraft:damage_resisted":0,"minecraft:time_since_rest":557,"minecraft:waystone_activated":1,"minecraft:sprint_one_cm":279842,"minecraft:damage_taken":3366,"minecraft:walk_one_cm":127023,"minecraft:drop":15,"minecraft:damage_dealt":3342,"minecraft:talked_to_villager":2,"minecraft:swim_one_cm":2310,"minecraft:fly_one_cm":586813,"minecraft:player_kills":2,"minecraft:open_chest":37,"minecraft:crouch_one_cm":20721,"minecraft:play_time":75377,"tombstone:undead_killed":1,"minecraft:deaths":9,"minecraft:sneak_time":6209,"minecraft:walk_under_water_one_cm":6478,"minecraft:jump":2689,"minecraft:walk_on_water_one_cm":3356,"minecraft:total_world_time":75377,"minecraft:fall_one_cm":79960},"minecraft:crafted":{"minecraft:oak_planks":28,"minecraft:diamond_sword":1,"minecraft:crafting_table":3,"minecraft:bread":3,"minecraft:cooked_mutton":2,"minecraft:air":0,"minecraft:diamond_pickaxe":1,"minecraft:stick":8,"minecraft:wooden_axe":1,"minecraft:wheat":9},"minecraft:killed":{"minecraft:piglin":1,"minecraft:pig":1,"minecraft:iron_golem":1,"minecraft:sheep":5,"minecraft:skeleton":1,"mowziesmobs:umvuthana_crane":1,"mowziesmobs:umvuthana":2,"minecraft:cow":2},"minecraft:mined":{"minecraft:tuff":2,"minecraft:spruce_planks":1,"minecraft:blackstone":37,"minecraft:basalt":64,"minecraft:soul_fire":1,"minecraft:dandelion":1,"minecraft:crafting_table":1,"minecraft:torch":3,"minecraft:grass_block":5,"minecraft:melon":2,"gobber2:gobber2_lucky_block_nether":13,"minecraft:nether_quartz_ore":17,"minecraft:soul_soil":3,"minecraft:cobblestone":2,"minecraft:hay_block":1,"ars_nouveau:archwood_planks":9,"minecraft:fire":3,"minecraft:cobbled_deepslate":1,"minecraft:tnt":4,"minecraft:grass":8,"minecraft:oak_log":5,"minecraft:iron_bars":2,"minecraft:dirt":7,"minecraft:stripped_oak_log":3,"minecraft:deepslate":7,"minecraft:netherrack":156,"minecraft:stone":1,"minecraft:white_wool":3,"minecraft:oak_leaves":1},"minecraft:picked_up":{"minecraft:stripped_oak_log":3,"minecraft:crafting_table":1,"minecraft:feather":3,"minecraft:basalt":64,"minecraft:leather":1,"gobber2:gobber2_leggings":1,"minecraft:tuff":2,"minecraft:oak_log":5,"gobber2:gobber2_gooey_bread_nether":2,"ars_nouveau:archwood_planks":9,"minecraft:dirt":11,"minecraft:soul_soil":3,"gobber2:gobber2_helmet":1,"gobber2:gobber2_glass_nether":2,"minecraft:bone":3,"minecraft:blackstone":37,"minecraft:cobbled_deepslate":8,"minecraft:spruce_planks":1,"minecraft:iron_ingot":5,"minecraft:beef":3,"gobber2:gobber2_gooey_beefstew_nether":2,"minecraft:diamond_helmet":1,"minecraft:melon_slice":12,"minecraft:soul_sand":4,"minecraft:egg":4,"apotheosis:gem":1,"gobber2:gobber2_rod_nether":2,"minecraft:quartz":17,"minecraft:torch":3,"minecraft:dandelion":1,"gobber2:gobber2_chestplate":1,"minecraft:porkchop":2,"minecraft:crying_obsidian":7,"minecraft:tnt":4,"minecraft:arrow":3,"minecraft:hay_block":1,"gobber2:gobber2_goo_nether":4,"minecraft:netherrack":158,"gobber2:gobber2_boots":1,"mowziesmobs:umvuthana_mask_fear":1,"minecraft:iron_bars":2,"minecraft:mutton":6,"minecraft:white_wool":8,"minecraft:cobblestone":1,"minecraft:ender_pearl":3},"minecraft:used":{"minecraft:cooked_mutton":2,"minecraft:iron_bars":2,"mowziesmobs:umvuthana_mask_fear":1,"minecraft:oak_planks":19,"minecraft:blackstone":37,"gobber2:gobber2_boots":1,"minecraft:spruce_planks":1,"minecraft:iron_sword":27,"minecraft:grass":1,"minecraft:netherrack":128,"gobber2:gobber2_goo_nether":1,"minecraft:iron_chestplate":3,"minecraft:white_wool":4,"minecraft:torch":3,"minecraft:dirt":11,"minecraft:mutton":4,"minecraft:tnt":1,"minecraft:crafting_table":4,"ars_nouveau:archwood_planks":24,"gobber2:gobber2_gooey_bread_nether":1,"minecraft:oak_log":1,"minecraft:wooden_axe":27,"minecraft:diamond_pickaxe":102,"minecraft:melon_slice":12,"minecraft:bread":4,"minecraft:iron_pickaxe":73,"gobber2:gobber2_helmet":1,"gobber2:gobber2_gooey_beefstew_nether":1,"minecraft:basalt":64,"minecraft:diamond_sword":23,"minecraft:beef":3,"minecraft:soul_soil":3,"minecraft:porkchop":2,"minecraft:cooked_beef":2,"minecraft:egg":4,"minecraft:dandelion":1,"minecraft:cobbled_deepslate":1}},"DataVersion":3465}