{"stats":{"minecraft:killed_by":{"minecraft:skeleton":1,"mowziesmobs:umvuthi":4},"minecraft:dropped":{"gobber2:gobber2_leggings":2,"gobber2:gobber2_boots":1,"minecraft:obsidian":3,"tombstone:gift":1,"patchouli:guide_book":1,"ars_nouveau:worn_notebook":1,"minecraft:shield":1,"gobber2:gobber2_chestplate":2,"gobber2:gobber2_helmet":1},"minecraft:custom":{"lootr:looted_stat":5,"minecraft:interact_with_furnace":5,"minecraft:mob_kills":12,"minecraft:interact_with_crafting_table":4,"minecraft:damage_dealt_resisted":8,"minecraft:leave_game":4,"minecraft:time_since_death":16835,"minecraft:climb_one_cm":3691,"minecraft:damage_resisted":0,"minecraft:time_since_rest":16786,"minecraft:waystone_activated":1,"minecraft:sprint_one_cm":222015,"minecraft:damage_taken":2083,"minecraft:walk_one_cm":100008,"minecraft:drop":11,"minecraft:damage_dealt":2620,"minecraft:talked_to_villager":2,"minecraft:swim_one_cm":2310,"minecraft:fly_one_cm":500610,"minecraft:player_kills":2,"minecraft:open_chest":36,"minecraft:crouch_one_cm":2347,"minecraft:play_time":51377,"minecraft:deaths":7,"minecraft:sneak_time":1110,"minecraft:walk_under_water_one_cm":6478,"minecraft:jump":2034,"minecraft:walk_on_water_one_cm":3356,"minecraft:total_world_time":51377,"minecraft:fall_one_cm":62403},"minecraft:crafted":{"minecraft:oak_planks":28,"minecraft:crafting_table":2,"minecraft:bread":3,"minecraft:cooked_mutton":2,"minecraft:air":0,"minecraft:stick":4,"minecraft:wooden_axe":1,"minecraft:wheat":9},"minecraft:killed":{"minecraft:pig":1,"minecraft:iron_golem":1,"minecraft:sheep":5,"mowziesmobs:umvuthana_crane":1,"mowziesmobs:umvuthana":2,"minecraft:cow":2},"minecraft:mined":{"minecraft:spruce_planks":1,"minecraft:dandelion":1,"minecraft:crafting_table":1,"minecraft:grass_block":5,"minecraft:melon":2,"minecraft:cobblestone":2,"minecraft:hay_block":1,"ars_nouveau:archwood_planks":3,"minecraft:fire":2,"minecraft:cobbled_deepslate":1,"minecraft:tnt":3,"minecraft:grass":8,"minecraft:oak_log":5,"minecraft:iron_bars":2,"minecraft:dirt":7,"minecraft:stripped_oak_log":3,"minecraft:stone":1,"minecraft:white_wool":3,"minecraft:oak_leaves":1},"minecraft:picked_up":{"minecraft:stripped_oak_log":3,"minecraft:crafting_table":1,"minecraft:feather":3,"minecraft:leather":1,"gobber2:gobber2_leggings":1,"minecraft:oak_log":5,"ars_nouveau:archwood_planks":3,"minecraft:dirt":11,"gobber2:gobber2_helmet":1,"minecraft:cobbled_deepslate":1,"minecraft:spruce_planks":1,"minecraft:iron_ingot":5,"minecraft:beef":3,"minecraft:melon_slice":12,"minecraft:egg":4,"minecraft:dandelion":1,"gobber2:gobber2_chestplate":1,"minecraft:porkchop":2,"minecraft:tnt":3,"minecraft:hay_block":1,"gobber2:gobber2_boots":1,"mowziesmobs:umvuthana_mask_fear":1,"minecraft:iron_bars":2,"minecraft:mutton":6,"minecraft:white_wool":8,"minecraft:cobblestone":1},"minecraft:used":{"minecraft:cooked_mutton":2,"minecraft:iron_bars":2,"mowziesmobs:umvuthana_mask_fear":1,"minecraft:oak_planks":19,"gobber2:gobber2_boots":1,"minecraft:spruce_planks":1,"minecraft:iron_sword":27,"minecraft:grass":1,"minecraft:iron_chestplate":3,"minecraft:white_wool":4,"minecraft:dirt":11,"minecraft:mutton":4,"minecraft:crafting_table":3,"ars_nouveau:archwood_planks":6,"minecraft:oak_log":1,"minecraft:wooden_axe":27,"minecraft:melon_slice":12,"minecraft:bread":4,"minecraft:iron_pickaxe":8,"gobber2:gobber2_helmet":1,"minecraft:beef":3,"minecraft:porkchop":2,"minecraft:egg":4,"minecraft:dandelion":1,"minecraft:cobbled_deepslate":1}},"DataVersion":3465}