{"stats":{"minecraft:killed_by":{"minecraft:player":8,"minecraft:skeleton":1,"minecraft:creeper":1,"artifacts:mimic":1,"majruszsdifficulty:cursed_armor":1},"minecraft:dropped":{"minecraft:enchanted_book":1,"ars_nouveau:wilden_spike":2,"minecraft:mossy_cobblestone":2,"minecraft:cobblestone":5,"artifacts:golden_hook":1,"gobber2:gobber2_globette":2,"ars_nouveau:imbuement_chamber":1,"tombstone:grave_key":1},"minecraft:custom":{"minecraft:interact_with_furnace":17,"lootr:looted_stat":11,"minecraft:interact_with_anvil":5,"minecraft:mob_kills":11,"minecraft:interact_with_cartography_table":1,"minecraft:interact_with_crafting_table":24,"minecraft:eat_cake_slice":7,"minecraft:damage_dealt_resisted":0,"minecraft:leave_game":1,"minecraft:time_since_death":12101,"minecraft:sleep_in_bed":5,"minecraft:climb_one_cm":2562,"minecraft:time_since_rest":11052,"minecraft:waystone_activated":1,"minecraft:sprint_one_cm":338001,"minecraft:walk_one_cm":118469,"minecraft:damage_taken":4920,"minecraft:damage_absorbed":40,"minecraft:drop":11,"minecraft:damage_dealt":4193,"minecraft:swim_one_cm":437,"minecraft:fly_one_cm":403078,"minecraft:open_chest":6,"minecraft:crouch_one_cm":10661,"minecraft:play_time":74301,"tombstone:undead_killed":2,"minecraft:deaths":20,"minecraft:sneak_time":5502,"minecraft:walk_under_water_one_cm":1762,"minecraft:jump":2056,"minecraft:interact_with_blast_furnace":8,"minecraft:walk_on_water_one_cm":3292,"minecraft:total_world_time":74301,"minecraft:fall_one_cm":58437,"minecraft:horse_one_cm":46400},"minecraft:crafted":{"minecraft:oak_planks":28,"ars_nouveau:archwood_planks":52,"minecraft:crafting_table":9,"minecraft:wooden_pickaxe":1,"minecraft:furnace":2,"minecraft:bucket":1,"minecraft:bread":2,"minecraft:air":0,"minecraft:iron_chestplate":1,"minecraft:stick":8,"minecraft:iron_ingot":27,"minecraft:iron_pickaxe":1,"minecraft:wooden_axe":1,"minecraft:iron_block":3,"minecraft:anvil":1},"minecraft:killed":{"minecraft:spider":7,"minecraft:creeper":1,"minecraft:skeleton":1,"minecraft:zombie":1,"artifacts:mimic":1},"minecraft:mined":{"minecraft:mossy_cobblestone":1,"minecraft:deepslate_diamond_ore":1,"minecraft:glow_lichen":1,"minecraft:grass_block":1,"gobber2:gobber2_lucky_block":1,"minecraft:cobblestone":4,"minecraft:cyan_bed":4,"minecraft:wall_torch":2,"ars_nouveau:archwood_planks":4,"minecraft:iron_ore":7,"minecraft:andesite":23,"minecraft:birch_leaves":1,"minecraft:anvil":1,"minecraft:grass":4,"minecraft:coal_ore":11,"minecraft:oak_log":8,"minecraft:deepslate_iron_ore":13,"minecraft:vine":1,"minecraft:gravel":4,"minecraft:dripstone_block":3,"minecraft:dirt":2,"minecraft:stone":23,"minecraft:green_bed":1,"minecraft:deepslate":26,"minecraft:fern":2},"minecraft:picked_up":{"minecraft:wooden_axe":1,"minecraft:crafting_table":1,"minecraft:wheat":8,"minecraft:anvil":1,"minecraft:andesite":23,"minecraft:lead":1,"minecraft:oak_log":8,"minecraft:gunpowder":2,"ars_nouveau:archwood_planks":24,"minecraft:string":4,"minecraft:dirt":3,"minecraft:iron_axe":1,"artifacts:shock_pendant":1,"minecraft:iron_leggings":1,"minecraft:bone":18,"minecraft:cracked_stone_bricks":1,"minecraft:cobbled_deepslate":21,"ars_elemental:earth_caster_tome":2,"minecraft:iron_ingot":12,"minecraft:cobweb":1,"gobber2:gobber2_globette":3,"minecraft:iron_pickaxe":1,"minecraft:iron_sword":1,"minecraft:iron_boots":2,"minecraft:egg":1,"minecraft:stick":6,"minecraft:raw_iron":43,"apotheosis:gem":1,"minecraft:oak_door":1,"minecraft:green_bed":1,"minecraft:torch":4,"minecraft:dripstone_block":2,"minecraft:gravel":3,"minecraft:diorite":1,"minecraft:cyan_bed":3,"minecraft:mossy_cobblestone":4,"ars_nouveau:green_archwood_log":11,"ars_nouveau:wilden_spike":2,"artifacts:golden_hook":1,"minecraft:diamond":1,"tombstone:scroll_of_knowledge":1,"ars_nouveau:imbuement_chamber":1,"minecraft:bread":3,"tombstone:magic_scroll":1,"minecraft:coal":11,"gobber2:gobber2_goo":1,"minecraft:cobblestone":32},"minecraft:used":{"minecraft:trident":2,"tombstone:scroll_of_knowledge":1,"gobber2:gobber2_goo":1,"minecraft:stone_pickaxe":18,"minecraft:wooden_pickaxe":18,"minecraft:iron_sword":59,"minecraft:green_bed":1,"minecraft:iron_chestplate":1,"minecraft:mossy_cobblestone":1,"minecraft:torch":3,"minecraft:golden_apple":1,"minecraft:dirt":3,"minecraft:anvil":2,"minecraft:crafting_table":9,"ars_nouveau:archwood_planks":4,"minecraft:dripstone_block":1,"minecraft:axolotl_bucket":2,"minecraft:cake":1,"minecraft:wooden_axe":38,"minecraft:cyan_bed":3,"minecraft:bread":5,"minecraft:iron_pickaxe":82,"ars_nouveau:imbuement_chamber":1,"minecraft:gravel":4,"minecraft:cobblestone":8,"minecraft:furnace":2,"minecraft:bucket":3,"minecraft:andesite":3,"tombstone:gift":4,"minecraft:egg":1,"minecraft:cobbled_deepslate":4,"minecraft:cobweb":6}},"DataVersion":3465}