{"stats":{"minecraft:killed_by":{"minecraft:player":13,"minecraft:creeper":3,"mowziesmobs:umvuthi":2,"minecraft:vindicator":1,"mowziesmobs:umvuthana":1,"minecraft:skeleton":6,"artifacts:mimic":1,"minecraft:zombie":3,"majruszsdifficulty:cursed_armor":2},"minecraft:dropped":{"minecraft:enchanted_book":1,"minecraft:iron_ingot":18,"minecraft:bread":67,"minecraft:wheat_seeds":41,"minecraft:diamond":13,"minecraft:mossy_cobblestone":2,"minecraft:cooked_porkchop":2,"minecraft:cobblestone":48,"minecraft:glow_berries":2,"minecraft:granite":59,"minecraft:coal":41,"minecraft:stick":8,"ars_nouveau:imbuement_chamber":1,"tombstone:grave_key":1,"minecraft:potion":1,"minecraft:iron_leggings":1,"gobber2:gobber2_gooey_bread":2,"minecraft:gold_ingot":4,"minecraft:player_head":2,"ars_nouveau:wilden_spike":2,"minecraft:cobbled_deepslate":620,"ars_nouveau:archwood_planks":187,"minecraft:tuff":4,"minecraft:experience_bottle":4,"minecraft:raw_iron":5,"minecraft:rotten_flesh":3,"artifacts:golden_hook":1,"minecraft:deepslate_bricks":64,"gobber2:gobber2_globette":6,"minecraft:gunpowder":2,"minecraft:iron_chestplate":1,"minecraft:andesite":23,"minecraft:slime_ball":3},"minecraft:custom":{"lootr:looted_stat":29,"minecraft:interact_with_anvil":6,"minecraft:mob_kills":59,"minecraft:interact_with_crafting_table":50,"goblintraders:trade_with_goblin":4,"minecraft:damage_dealt_resisted":355,"minecraft:eat_cake_slice":9,"minecraft:leave_game":8,"minecraft:time_since_death":264,"minecraft:climb_one_cm":2776,"minecraft:damage_resisted":0,"minecraft:sprint_one_cm":827489,"minecraft:walk_one_cm":372002,"minecraft:drop":69,"minecraft:talked_to_villager":4,"minecraft:play_time":238360,"minecraft:sneak_time":14924,"minecraft:deaths":55,"minecraft:walk_under_water_one_cm":7101,"minecraft:boat_one_cm":25741,"minecraft:jump":6190,"minecraft:interact_with_blast_furnace":8,"minecraft:walk_on_water_one_cm":30601,"minecraft:total_world_time":238360,"minecraft:interact_with_furnace":22,"tombstone:raider_killed":2,"minecraft:interact_with_cartography_table":1,"minecraft:sleep_in_bed":6,"minecraft:time_since_rest":1,"minecraft:waystone_activated":2,"minecraft:damage_taken":14003,"minecraft:damage_absorbed":1147,"minecraft:damage_dealt":13829,"minecraft:swim_one_cm":3557,"minecraft:player_kills":2,"minecraft:fly_one_cm":1331536,"minecraft:open_chest":84,"minecraft:crouch_one_cm":32589,"tombstone:undead_killed":15,"minecraft:fall_one_cm":176488,"minecraft:horse_one_cm":46400},"minecraft:crafted":{"minecraft:oak_planks":88,"ars_nouveau:archwood_planks":244,"minecraft:experience_bottle":4,"minecraft:furnace":2,"minecraft:polished_deepslate":64,"minecraft:stone_hoe":1,"minecraft:wheat":468,"minecraft:crafting_table":11,"minecraft:wooden_pickaxe":1,"minecraft:bucket":1,"minecraft:bread":158,"minecraft:air":0,"minecraft:oak_boat":1,"minecraft:iron_chestplate":2,"minecraft:diamond_pickaxe":1,"minecraft:stick":20,"minecraft:iron_ingot":27,"minecraft:iron_pickaxe":1,"minecraft:wooden_axe":2,"minecraft:iron_block":3,"minecraft:iron_leggings":1,"minecraft:anvil":1,"minecraft:deepslate_bricks":64},"minecraft:killed":{"minecraft:cave_spider":3,"minecraft:spider":7,"minecraft:skeleton":4,"mowziesmobs:umvuthana_crane":11,"mowziesmobs:umvuthana":12,"artifacts:mimic":2,"minecraft:husk":1,"minecraft:pig":1,"majruszsdifficulty:cursed_armor":2,"minecraft:creeper":3,"minecraft:zombie":10},"minecraft:broken":{"minecraft:leather_leggings":1,"minecraft:iron_boots":1,"minecraft:iron_chestplate":1,"minecraft:iron_leggings":1,"mowziesmobs:umvuthana_mask_rage":1,"minecraft:wooden_axe":1},"minecraft:mined":{"minecraft:tuff":15,"minecraft:mossy_cobblestone":1,"minecraft:deepslate_diamond_ore":9,"minecraft:glow_lichen":1,"minecraft:granite":5,"minecraft:acacia_log":1,"minecraft:grass_block":3,"gobber2:gobber2_lucky_block":3,"minecraft:spawner":1,"minecraft:hay_block":52,"minecraft:iron_ore":7,"minecraft:cobbled_deepslate":23,"minecraft:fire":6,"minecraft:andesite":26,"minecraft:anvil":1,"minecraft:enchanting_table":1,"minecraft:bookshelf":3,"minecraft:deepslate_iron_ore":13,"minecraft:vine":3,"minecraft:dirt_path":2,"minecraft:rail":1,"minecraft:stone":60,"minecraft:green_bed":1,"minecraft:orange_bed":3,"minecraft:oak_fence":1,"minecraft:crafting_table":1,"minecraft:torch":1,"minecraft:tall_grass":5,"minecraft:cobblestone":14,"minecraft:cyan_bed":4,"minecraft:deepslate_gold_ore":15,"minecraft:oak_planks":2,"minecraft:diorite":6,"minecraft:wall_torch":2,"ars_nouveau:archwood_planks":4,"minecraft:wheat":2,"minecraft:birch_leaves":1,"gobber2:gobber2_lucky_block_deepslate":7,"minecraft:grass":32,"minecraft:oak_log":25,"minecraft:coal_ore":25,"minecraft:gravel":4,"minecraft:dripstone_block":3,"minecraft:dirt":3,"minecraft:cobweb":4,"minecraft:deepslate":89,"minecraft:fern":2},"minecraft:picked_up":{"minecraft:wooden_axe":1,"minecraft:crafting_table":2,"minecraft:iron_chestplate":2,"minecraft:wheat":8,"minecraft:chainmail_boots":1,"minecraft:anvil":1,"minecraft:leather_leggings":1,"minecraft:lead":1,"ars_nouveau:archwood_planks":24,"minecraft:string":8,"minecraft:iron_axe":2,"minecraft:iron_leggings":1,"minecraft:cracked_stone_bricks":1,"minecraft:cobbled_deepslate":1160,"ars_elemental:earth_caster_tome":2,"minecraft:oak_boat":4,"minecraft:player_head":2,"minecraft:iron_pickaxe":1,"minecraft:iron_boots":2,"minecraft:egg":3,"minecraft:stick":6,"minecraft:raw_iron":43,"apotheosis:gem":1,"minecraft:oak_door":1,"minecraft:copper_ingot":24,"minecraft:oak_fence":1,"minecraft:torch":6,"minecraft:green_bed":1,"minecraft:porkchop":1,"tombstone:grave_dust":1,"minecraft:diorite":22,"minecraft:carrot":1,"minecraft:redstone":78,"minecraft:golden_chestplate":1,"minecraft:tnt":1,"ars_nouveau:green_archwood_log":11,"gobber2:gobber2_foo":3,"minecraft:orange_bed":3,"minecraft:rotten_flesh":13,"minecraft:arrow":4,"ars_nouveau:imbuement_chamber":1,"minecraft:hay_block":52,"artifacts:running_shoes":1,"minecraft:bookshelf":28,"minecraft:gold_ingot":4,"sophisticatedbackpacks:copper_backpack":1,"minecraft:cobblestone":497,"minecraft:rail":1,"minecraft:enchanting_table":1,"minecraft:feather":5,"minecraft:andesite":59,"gobber2:gobber2_gooey_beefstew":2,"minecraft:tuff":37,"minecraft:oak_log":23,"minecraft:chainmail_chestplate":1,"minecraft:gunpowder":2,"minecraft:dirt":14,"tombstone:gift":1,"artifacts:shock_pendant":1,"minecraft:bone":21,"minecraft:wheat_seeds":39,"minecraft:raw_gold":25,"minecraft:iron_ingot":43,"minecraft:cobweb":1,"gobber2:gobber2_globette":6,"minecraft:iron_sword":1,"minecraft:oak_planks":2,"gobber2:gobber2_hammer":1,"gobber2:gobber2_gooey_bread":10,"minecraft:book":9,"gobber2:gobber2_staff_ensnarement":1,"minecraft:dripstone_block":2,"minecraft:gravel":3,"minecraft:cyan_bed":3,"minecraft:mossy_cobblestone":4,"ars_nouveau:wilden_spike":2,"artifacts:golden_hook":1,"minecraft:diamond":17,"tombstone:scroll_of_knowledge":1,"minecraft:iron_helmet":1,"minecraft:granite":151,"minecraft:bread":3,"minecraft:chainmail_helmet":1,"tombstone:magic_scroll":1,"gobber2:gobber2_goo":5,"minecraft:coal":56},"minecraft:used":{"minecraft:trident":5,"minecraft:enchanting_table":2,"gobber2:gobber2_goo":2,"mowziesmobs:umvuthana_mask_fear":1,"minecraft:silverfish_spawn_egg":1,"gobber2:gobber2_gooey_bread":4,"minecraft:iron_sword":64,"minecraft:rotten_flesh":1,"minecraft:stone_hoe":56,"minecraft:iron_chestplate":1,"minecraft:orange_bed":2,"minecraft:torch":3,"minecraft:dirt":4,"minecraft:anvil":3,"minecraft:carrot":2,"minecraft:axolotl_bucket":26,"minecraft:wooden_axe":44,"minecraft:bookshelf":23,"ars_nouveau:frostaya_pod":2,"mowziesmobs:umvuthana_mask_faith":3,"minecraft:iron_axe":140,"minecraft:iron_helmet":1,"ars_nouveau:imbuement_chamber":1,"gobber2:gobber2_hammer":47,"mowziesmobs:umvuthana_mask_rage":1,"minecraft:furnace":2,"tombstone:gift":7,"minecraft:egg":3,"minecraft:cobbled_deepslate":152,"minecraft:water_bucket":43,"tombstone:scroll_of_knowledge":1,"minecraft:diorite":10,"minecraft:stone_pickaxe":25,"minecraft:wooden_pickaxe":18,"minecraft:green_bed":1,"minecraft:golden_apple":1,"minecraft:glow_berries":25,"minecraft:mossy_cobblestone":1,"minecraft:tnt":1,"minecraft:crafting_table":12,"ars_nouveau:archwood_planks":4,"minecraft:cave_spider_spawn_egg":1,"minecraft:dripstone_block":1,"minecraft:cake":1,"minecraft:diamond_pickaxe":39,"minecraft:diamond_shovel":3,"minecraft:bread":30,"minecraft:cyan_bed":3,"minecraft:iron_pickaxe":211,"tombstone:grave_key":7,"minecraft:gravel":4,"minecraft:cobblestone":84,"minecraft:cooked_porkchop":1,"minecraft:andesite":3,"minecraft:bucket":71,"minecraft:pumpkin_pie":3,"minecraft:oak_boat":5,"minecraft:cobweb":6}},"DataVersion":3465}