{"stats":{"minecraft:dropped":{"minecraft:porkchop":1,"minecraft:diamond":13,"minecraft:ender_pearl":3,"minecraft:cooked_porkchop":2,"minecraft:cookie":4,"minecraft:glow_berries":2,"minecraft:jungle_planks":32,"minecraft:cracked_stone_bricks":2,"artifacts:flippers":1,"minecraft:leather_helmet":1,"ars_nouveau:imbuement_chamber":1,"minecraft:dirt":15,"minecraft:amethyst_shard":28,"minecraft:sand":29,"gobber2:gobber2_gooey_bread":2,"minecraft:white_wool":1,"minecraft:gold_ingot":5,"artifacts:cowboy_hat":1,"minecraft:bone":2,"minecraft:iron_nugget":39,"ars_nouveau:wilden_spike":2,"minecraft:cobbled_deepslate":621,"minecraft:rotten_flesh":17,"minecraft:honey_bottle":1,"gobber2:gobber2_staff_ensnarement":1,"minecraft:gunpowder":2,"minecraft:iron_bars":2,"minecraft:arrow":2,"minecraft:glass":4,"minecraft:netherrack":786,"minecraft:enchanted_book":2,"minecraft:iron_ingot":18,"minecraft:bread":67,"minecraft:wheat_seeds":41,"minecraft:copper_block":11,"minecraft:mossy_cobblestone":2,"minecraft:cobblestone":283,"minecraft:granite":59,"minecraft:grass_block":1,"minecraft:coal":42,"minecraft:stick":72,"minecraft:iron_block":1,"minecraft:diorite":3,"minecraft:torch":2,"tombstone:grave_key":1,"minecraft:potion":1,"minecraft:iron_leggings":1,"minecraft:smooth_stone":1,"minecraft:soul_soil":5,"minecraft:player_head":2,"minecraft:nether_wart":6,"minecraft:deepslate":337,"ars_nouveau:archwood_planks":187,"minecraft:tuff":44,"minecraft:experience_bottle":4,"minecraft:raw_iron":5,"minecraft:stripped_oak_log":1,"artifacts:golden_hook":1,"minecraft:deepslate_bricks":64,"gobber2:gobber2_globette":6,"minecraft:diamond_sword":1,"minecraft:stone":6,"minecraft:iron_chestplate":1,"minecraft:andesite":23,"minecraft:stone_bricks":4,"minecraft:slime_ball":3,"minecraft:raw_gold":1,"artifacts:snowshoes":1},"minecraft:crafted":{"minecraft:smooth_stone":3,"minecraft:oak_planks":112,"ars_nouveau:archwood_planks":612,"gobber2:gobber2_leggings":1,"minecraft:blaze_powder":4,"minecraft:stone":9,"minecraft:bookshelf":8,"minecraft:glass":60,"minecraft:chest":19,"minecraft:stone_hoe":1,"minecraft:glass_bottle":3,"minecraft:oak_slab":30,"minecraft:emerald":120,"gobber2:gobber2_ingot":54,"gobber2:gobber2_ingot_nether":12,"gobber2:gobber2_glob_nether":10,"minecraft:crafting_table":11,"minecraft:wooden_pickaxe":1,"minecraft:iron_helmet":1,"minecraft:clock":7,"minecraft:fletching_table":1,"gobber2:gobber2_medallion_nether":1,"minecraft:iron_chestplate":2,"minecraft:diamond_pickaxe":1,"sophisticatedbackpacks:diamond_backpack":1,"minecraft:stick":2608,"minecraft:iron_ingot":36,"minecraft:iron_pickaxe":1,"minecraft:iron_block":3,"minecraft:gold_ingot":32,"minecraft:deepslate_bricks":64,"minecraft:jungle_sign":3,"minecraft:coal":1,"minecraft:iron_nugget":18,"minecraft:experience_bottle":4,"minecraft:furnace":2,"ars_nouveau:archwood_slab":6,"minecraft:flint_and_steel":1,"gobber2:gobber2_helmet":1,"gobber2:gobber2_glob":20,"minecraft:lantern":9,"minecraft:polished_deepslate":64,"minecraft:iron_axe":1,"minecraft:netherite_scrap":5,"minecraft:wheat":468,"minecraft:sugar":14,"sophisticatedbackpacks:gold_backpack":2,"minecraft:bucket":1,"minecraft:enchanted_book":32,"minecraft:air":0,"minecraft:bread":164,"minecraft:jungle_planks":932,"minecraft:oak_boat":1,"minecraft:golden_apple":3,"minecraft:flint":64,"minecraft:gunpowder":14,"minecraft:fermented_spider_eye":14,"minecraft:wooden_axe":2,"minecraft:iron_leggings":2,"minecraft:anvil":1},"minecraft:picked_up":{"minecraft:wooden_axe":1,"minecraft:iron_chestplate":3,"minecraft:wheat":27,"minecraft:chainmail_boots":1,"minecraft:anvil":2,"minecraft:lead":1,"minecraft:diamond_sword":2,"minecraft:amethyst_block":12,"minecraft:string":19,"minecraft:soul_soil":21,"arphex:necrotic_fang":1,"waystones:warp_plate":1,"minecraft:iron_leggings":2,"minecraft:armor_stand":1,"minecraft:oak_sign":1,"gobber2:gobber2_ore_deepslate":21,"minecraft:cobbled_deepslate":1230,"minecraft:smooth_stone":1,"minecraft:gold_nugget":22,"ars_elemental:earth_caster_tome":2,"minecraft:iron_pickaxe":3,"minecraft:iron_boots":4,"minecraft:golden_helmet":1,"minecraft:tipped_arrow":1,"minecraft:stick":6,"apotheosis:gem":4,"minecraft:oak_fence":1,"minecraft:torch":9,"minecraft:green_bed":1,"minecraft:porkchop":1,"tombstone:grave_dust":3,"minecraft:diorite":62,"minecraft:golden_chestplate":1,"gobber2:gobber2_foo":3,"minecraft:orange_bed":3,"minecraft:nether_gold_ore":6,"minecraft:honey_bottle":1,"minecraft:rotten_flesh":25,"ars_nouveau:imbuement_chamber":1,"minecraft:bookshelf":28,"minecraft:blaze_rod":2,"minecraft:obsidian":10,"minecraft:iron_bars":4,"minecraft:cobblestone":602,"minecraft:enchanting_table":1,"minecraft:feather":5,"minecraft:cooked_beef":2,"minecraft:andesite":59,"minecraft:jungle_log":121,"minecraft:flint":8,"minecraft:tuff":164,"gobber2:gobber2_gooey_bread_nether":3,"minecraft:dirt":32,"artifacts:flippers":1,"gobber2:gobber2_ore_nether":12,"minecraft:name_tag":1,"artifacts:shock_pendant":1,"minecraft:leather_boots":1,"minecraft:glass":4,"minecraft:bone":24,"minecraft:stonecutter":1,"gobber2:gobber2_gooey_beef":1,"minecraft:wheat_seeds":95,"minecraft:raw_gold":40,"minecraft:grindstone":1,"gobber2:gobber2_globette":6,"minecraft:oak_planks":2,"gobber2:gobber2_gooey_bread":11,"gobber2:gobber2_rod_nether":4,"gobber2:gobber2_staff_ensnarement":3,"minecraft:sand":44,"minecraft:jungle_planks":64,"minecraft:grass_block":1,"minecraft:cyan_bed":3,"minecraft:mossy_cobblestone":5,"minecraft:iron_hoe":1,"artifacts:golden_hook":1,"minecraft:diamond":35,"minecraft:deepslate":1025,"minecraft:deepslate_gold_ore":1,"minecraft:cracked_polished_blackstone_bricks":13,"minecraft:granite":151,"minecraft:chainmail_helmet":1,"minecraft:bread":42,"minecraft:netherrack":2347,"gobber2:gobber2_goo":7,"minecraft:crafting_table":2,"minecraft:nether_wart":3,"minecraft:leather_leggings":1,"minecraft:brown_mushroom":18,"ars_nouveau:archwood_planks":24,"minecraft:iron_axe":2,"minecraft:iron_shovel":1,"minecraft:blackstone":80,"minecraft:cracked_stone_bricks":3,"minecraft:deepslate_diamond_ore":7,"minecraft:oak_boat":4,"minecraft:player_head":2,"minecraft:iron_nugget":35,"minecraft:lectern":226,"minecraft:sugar_cane":14,"minecraft:egg":4,"minecraft:raw_iron":52,"minecraft:stone":52,"minecraft:oak_door":1,"minecraft:copper_ingot":24,"minecraft:polished_blackstone_bricks":17,"minecraft:cookie":5,"minecraft:carrot":1,"minecraft:redstone":78,"ars_nouveau:green_archwood_log":11,"minecraft:tnt":1,"gobber2:gobber2_globette_nether":14,"minecraft:arrow":8,"artifacts:cowboy_hat":2,"gobber2:gobber2_gooey_beef_nether":3,"artifacts:snowshoes":1,"minecraft:hay_block":52,"artifacts:running_shoes":1,"minecraft:gold_ingot":36,"sophisticatedbackpacks:copper_backpack":1,"minecraft:rail":1,"minecraft:stripped_oak_log":1,"minecraft:basalt":2,"gobber2:gobber2_gooey_beefstew":2,"minecraft:leather":2,"artifacts:onion_ring":1,"minecraft:oak_log":29,"minecraft:chainmail_chestplate":1,"minecraft:ancient_debris":3,"minecraft:gunpowder":2,"tombstone:gift":1,"minecraft:spawner":9,"minecraft:stone_bricks":4,"minecraft:iron_ingot":46,"minecraft:cobweb":1,"minecraft:iron_sword":5,"minecraft:soul_sand":15,"gobber2:gobber2_hammer":1,"minecraft:book":36,"minecraft:oak_slab":2,"minecraft:nether_quartz_ore":49,"minecraft:quartz":32,"minecraft:dripstone_block":2,"minecraft:gravel":125,"minecraft:amethyst_shard":28,"waystones:attuned_shard":1,"minecraft:white_bed":2,"minecraft:leather_helmet":2,"ars_nouveau:wilden_spike":2,"minecraft:slime_ball":85,"tombstone:scroll_of_knowledge":1,"minecraft:chainmail_leggings":1,"minecraft:iron_helmet":2,"tombstone:magic_scroll":1,"gobber2:gobber2_goo_nether":8,"minecraft:coal":60,"minecraft:ender_pearl":3},"minecraft:mined":{"minecraft:large_amethyst_bud":4,"minecraft:white_bed":2,"minecraft:cave_vines_plant":1,"minecraft:budding_amethyst":4,"minecraft:granite":5,"minecraft:acacia_log":1,"minecraft:grass_block":3,"gobber2:gobber2_ore_deepslate":12,"gobber2:gobber2_lucky_block":3,"minecraft:cracked_polished_blackstone_bricks":2,"minecraft:soul_soil":24,"minecraft:nether_wart":1,"minecraft:spawner":3,"minecraft:polished_blackstone_bricks":3,"minecraft:iron_ore":7,"minecraft:cobbled_deepslate":28,"minecraft:fire":12,"gobber2:gobber2_ore_nether":4,"minecraft:anvil":1,"minecraft:enchanting_table":1,"minecraft:dirt_path":3,"minecraft:oak_sign":1,"minecraft:iron_bars":2,"minecraft:orange_bed":3,"minecraft:green_bed":1,"minecraft:brown_mushroom":4,"minecraft:blackstone":6,"minecraft:soul_fire":1,"minecraft:amethyst_cluster":11,"minecraft:torch":1,"gobber2:gobber2_lucky_block_nether":4,"minecraft:nether_quartz_ore":10,"minecraft:glass":2,"minecraft:cobblestone":18,"minecraft:grindstone":1,"minecraft:cyan_bed":4,"minecraft:oak_planks":2,"minecraft:sugar_cane":6,"minecraft:wall_torch":2,"minecraft:amethyst_block":2,"ars_nouveau:archwood_planks":4,"minecraft:wheat":16,"minecraft:grass":39,"minecraft:oak_log":31,"minecraft:sand":39,"minecraft:dirt":20,"minecraft:stonecutter":1,"minecraft:netherrack":501,"minecraft:deepslate":272,"minecraft:tuff":33,"minecraft:mossy_cobblestone":1,"minecraft:deepslate_diamond_ore":21,"minecraft:glow_lichen":1,"minecraft:hay_block":52,"minecraft:andesite":26,"minecraft:bookshelf":8,"minecraft:deepslate_iron_ore":19,"minecraft:vine":3,"minecraft:rail":1,"minecraft:stripped_oak_log":1,"minecraft:stone":68,"minecraft:oak_slab":1,"minecraft:soul_sand":16,"minecraft:basalt":1,"minecraft:oak_fence":1,"minecraft:crafting_table":1,"minecraft:lectern":226,"minecraft:tall_grass":6,"minecraft:deepslate_gold_ore":27,"minecraft:diorite":6,"minecraft:birch_leaves":1,"gobber2:gobber2_lucky_block_deepslate":8,"minecraft:yellow_bed":1,"minecraft:coal_ore":25,"minecraft:gravel":132,"minecraft:dripstone_block":3,"minecraft:cobweb":14,"minecraft:stone_bricks":2,"minecraft:fern":2},"minecraft:used":{"gobber2:gobber2_goo":7,"mowziesmobs:umvuthana_mask_fear":2,"minecraft:oak_sign":4,"gobber2:gobber2_gooey_bread":9,"minecraft:chest":11,"minecraft:iron_sword":191,"minecraft:rotten_flesh":1,"minecraft:iron_chestplate":1,"gobber2:gobber2_goo_nether":8,"minecraft:soul_sand":6,"minecraft:carrot":22,"minecraft:tuff":37,"minecraft:axolotl_bucket":29,"minecraft:obsidian":10,"minecraft:glass":11,"mowziesmobs:umvuthana_mask_faith":3,"simplyswords:gobber_compat/gobber_nether/gobber_nether_greathammer":15,"minecraft:iron_helmet":3,"gobber2:gobber2_hammer":852,"minecraft:slime_spawn_egg":3,"minecraft:deepslate_diamond_ore":7,"mowziesmobs:umvuthana_mask_rage":1,"minecraft:bow":2,"ars_nouveau:sourceberry_bush":3,"minecraft:furnace":2,"minecraft:egg":3,"simplyswords:gobber_compat/gobber_nether/gobber_nether_claymore":47,"minecraft:diorite":10,"minecraft:stone_pickaxe":25,"minecraft:wooden_pickaxe":18,"minecraft:diamond_axe":11,"minecraft:cookie":1,"minecraft:glow_berries":30,"minecraft:golden_apple":3,"ars_nouveau:archwood_planks":4,"minecraft:cave_spider_spawn_egg":1,"minecraft:dripstone_block":1,"gobber2:gobber2_gooey_bread_nether":3,"gobber2:gobber2_gooey_beefstew":2,"minecraft:bread":114,"minecraft:cyan_bed":3,"minecraft:lectern":228,"tombstone:grave_key":23,"minecraft:deepslate":206,"minecraft:gravel":4,"minecraft:jungle_sign":3,"minecraft:diamond_sword":172,"minecraft:fire_charge":3,"minecraft:andesite":3,"minecraft:oak_boat":5,"minecraft:cobweb":6,"minecraft:trident":5,"minecraft:enchanting_table":2,"minecraft:flint_and_steel":3,"minecraft:armor_stand":2,"minecraft:silverfish_spawn_egg":1,"minecraft:deepslate_gold_ore":1,"minecraft:stone_hoe":56,"ars_nouveau:archwood_slab":6,"minecraft:netherrack":174,"minecraft:orange_bed":2,"minecraft:torch":3,"gobber2:gobber2_ore_nether":6,"minecraft:dirt":7,"minecraft:anvil":4,"minecraft:wooden_axe":44,"minecraft:bookshelf":29,"ars_nouveau:frostaya_pod":2,"minecraft:iron_axe":381,"minecraft:spawner":1,"ars_nouveau:imbuement_chamber":1,"minecraft:iron_boots":1,"gobber2:gobber2_gooey_beef":1,"gobber2:gobber2_staff_ensnarement":46,"waystones:warp_plate":1,"minecraft:soul_soil":7,"tombstone:gift":9,"minecraft:cobbled_deepslate":256,"minecraft:wheat_seeds":14,"minecraft:water_bucket":47,"tombstone:scroll_of_knowledge":1,"minecraft:glass_bottle":8,"minecraft:fletching_table":1,"minecraft:green_bed":1,"minecraft:polished_blackstone_bricks":17,"minecraft:mossy_cobblestone":1,"minecraft:tnt":1,"minecraft:crafting_table":12,"minecraft:oak_slab":21,"minecraft:white_bed":2,"minecraft:cake":1,"minecraft:diamond_pickaxe":67,"minecraft:apple":3,"minecraft:diamond_shovel":226,"minecraft:cracked_polished_blackstone_bricks":13,"minecraft:iron_pickaxe":212,"minecraft:leather_helmet":1,"minecraft:cobblestone":146,"minecraft:cooked_porkchop":1,"minecraft:bucket":77,"minecraft:pumpkin_pie":7,"minecraft:splash_potion":3,"gobber2:gobber2_gooey_beef_nether":3},"minecraft:killed":{"arphex:mosquito_morbidity":1,"minecraft:cave_spider":3,"minecraft:zombified_piglin":1,"minecraft:spider":8,"minecraft:skeleton":6,"mowziesmobs:umvuthana_crane":11,"artifacts:mimic":7,"minecraft:piglin":1,"arphex:spider_larvae_tiny":1,"minecraft:pig":1,"minecraft:zombie_villager":2,"minecraft:iron_golem":1,"minecraft:creeper":3,"arphex:centipede_evictor_larvae":3,"minecraft:zombie":15,"minecraft:stray":1,"minecraft:blaze":4,"minecraft:cow":1,"minecraft:slime":118,"mowziesmobs:umvuthana":12,"minecraft:husk":3,"majruszsdifficulty:cursed_armor":3,"minecraft:villager":2,"minecraft:enderman":5},"minecraft:killed_by":{"arphex:scorpion_striker":2,"minecraft:zombie_villager":2,"minecraft:wither_skeleton":1,"minecraft:creeper":4,"mowziesmobs:umvuthi":2,"minecraft:vindicator":1,"mowziesmobs:umvuthana":1,"minecraft:blaze":1,"artifacts:mimic":1,"minecraft:zombie":4,"majruszsdifficulty:cursed_armor":6,"minecraft:husk":1,"minecraft:player":15,"minecraft:enderman":1,"minecraft:iron_golem":3,"minecraft:slime":1,"arphex:spider_funnel":1,"minecraft:skeleton":7},"minecraft:broken":{"mowziesmobs:umvuthana_mask_fear":1,"minecraft:leather_leggings":1,"minecraft:iron_boots":1,"minecraft:iron_chestplate":1,"minecraft:iron_leggings":1,"mowziesmobs:umvuthana_mask_rage":1,"minecraft:wooden_axe":1,"minecraft:iron_axe":1},"minecraft:custom":{"lootr:looted_stat":53,"minecraft:interact_with_crafting_table":103,"goblintraders:trade_with_goblin":57,"minecraft:eat_cake_slice":9,"minecraft:leave_game":16,"minecraft:time_since_death":61740,"minecraft:damage_resisted":0,"minecraft:sprint_one_cm":2118944,"minecraft:drop":163,"minecraft:talked_to_villager":508,"minecraft:play_time":581898,"minecraft:deaths":95,"minecraft:interact_with_brewingstand":13,"minecraft:jump":11333,"minecraft:walk_on_water_one_cm":62822,"minecraft:interact_with_furnace":116,"minecraft:traded_with_villager":183,"minecraft:interact_with_cartography_table":1,"minecraft:sleep_in_bed":8,"minecraft:waystone_activated":2,"tombstone:sneak_grave":1,"minecraft:damage_dealt":33008,"minecraft:player_kills":3,"minecraft:crouch_one_cm":105605,"tombstone:undead_killed":28,"tombstone:villager_killed":2,"minecraft:horse_one_cm":79404,"minecraft:interact_with_anvil":17,"minecraft:mob_kills":222,"minecraft:damage_dealt_resisted":876,"minecraft:climb_one_cm":3768,"minecraft:walk_one_cm":1027581,"minecraft:sneak_time":28997,"minecraft:walk_under_water_one_cm":11736,"minecraft:boat_one_cm":25741,"minecraft:interact_with_blast_furnace":8,"minecraft:total_world_time":581898,"tombstone:raider_killed":2,"minecraft:time_since_rest":61395,"minecraft:damage_taken":29153,"minecraft:damage_absorbed":1187,"minecraft:swim_one_cm":10410,"minecraft:fly_one_cm":2494001,"minecraft:open_chest":327,"minecraft:fall_one_cm":318561}},"DataVersion":3465}