{"stats":{"minecraft:killed_by":{"minecraft:player":7,"artifacts:mimic":1,"majruszsdifficulty:cursed_armor":1},"minecraft:dropped":{"artifacts:golden_hook":1},"minecraft:custom":{"lootr:looted_stat":6,"minecraft:mob_kills":1,"minecraft:interact_with_cartography_table":1,"minecraft:interact_with_crafting_table":10,"minecraft:leave_game":1,"minecraft:time_since_death":2088,"minecraft:climb_one_cm":1323,"minecraft:time_since_rest":861,"minecraft:waystone_activated":1,"minecraft:sprint_one_cm":200508,"minecraft:walk_one_cm":73039,"minecraft:damage_taken":2828,"minecraft:damage_absorbed":40,"minecraft:drop":1,"minecraft:damage_dealt":2283,"minecraft:fly_one_cm":215094,"minecraft:open_chest":2,"minecraft:crouch_one_cm":4695,"minecraft:play_time":38301,"minecraft:deaths":13,"minecraft:sneak_time":2560,"minecraft:walk_under_water_one_cm":32,"minecraft:jump":979,"minecraft:interact_with_blast_furnace":8,"minecraft:walk_on_water_one_cm":1800,"minecraft:total_world_time":38301,"minecraft:fall_one_cm":17499,"minecraft:horse_one_cm":46400},"minecraft:crafted":{"minecraft:oak_planks":28,"ars_nouveau:archwood_planks":36,"minecraft:crafting_table":6,"minecraft:wooden_pickaxe":1,"minecraft:bucket":1,"minecraft:air":0,"minecraft:stick":4,"minecraft:iron_ingot":3,"minecraft:iron_pickaxe":1,"minecraft:wooden_axe":1},"minecraft:killed":{"artifacts:mimic":1},"minecraft:mined":{"minecraft:deepslate_diamond_ore":1,"minecraft:glow_lichen":1,"minecraft:grass_block":1,"minecraft:cobblestone":3,"minecraft:cyan_bed":1,"minecraft:wall_torch":1,"minecraft:iron_ore":5,"minecraft:andesite":2,"minecraft:birch_leaves":1,"minecraft:grass":3,"minecraft:oak_log":8,"minecraft:gravel":4,"minecraft:dripstone_block":1,"minecraft:dirt":2,"minecraft:stone":13,"minecraft:deepslate":1,"minecraft:fern":2},"minecraft:picked_up":{"minecraft:wooden_axe":1,"minecraft:crafting_table":1,"minecraft:wheat":8,"minecraft:andesite":2,"minecraft:lead":1,"minecraft:oak_log":8,"ars_nouveau:archwood_planks":20,"minecraft:dirt":3,"artifacts:shock_pendant":1,"minecraft:bone":18,"minecraft:cracked_stone_bricks":1,"minecraft:cobbled_deepslate":2,"ars_elemental:earth_caster_tome":2,"minecraft:iron_ingot":3,"minecraft:cobweb":1,"minecraft:iron_pickaxe":1,"minecraft:iron_sword":1,"minecraft:stick":6,"minecraft:raw_iron":19,"minecraft:oak_door":1,"minecraft:torch":1,"minecraft:dripstone_block":1,"minecraft:gravel":3,"minecraft:diorite":1,"minecraft:cyan_bed":1,"ars_nouveau:green_archwood_log":7,"artifacts:golden_hook":1,"minecraft:diamond":1,"tombstone:scroll_of_knowledge":1,"minecraft:bread":3,"minecraft:cobblestone":21},"minecraft:used":{"minecraft:trident":2,"tombstone:scroll_of_knowledge":1,"minecraft:stone_pickaxe":6,"minecraft:wooden_pickaxe":3,"minecraft:iron_sword":24,"minecraft:golden_apple":1,"minecraft:dirt":3,"minecraft:crafting_table":6,"minecraft:wooden_axe":31,"minecraft:bread":4,"minecraft:iron_pickaxe":20,"minecraft:cobblestone":1,"minecraft:bucket":1,"minecraft:andesite":2,"tombstone:gift":2,"minecraft:cobweb":5}},"DataVersion":3465}