{"stats":{"minecraft:killed_by":{"minecraft:player":11,"minecraft:creeper":1,"minecraft:skeleton":3,"artifacts:mimic":1,"minecraft:zombie":2,"majruszsdifficulty:cursed_armor":1},"minecraft:dropped":{"minecraft:enchanted_book":1,"minecraft:wheat_seeds":1,"minecraft:mossy_cobblestone":2,"minecraft:cobblestone":7,"minecraft:stick":8,"ars_nouveau:imbuement_chamber":1,"tombstone:grave_key":1,"minecraft:iron_leggings":1,"gobber2:gobber2_gooey_bread":2,"minecraft:player_head":2,"ars_nouveau:wilden_spike":2,"minecraft:rotten_flesh":2,"artifacts:golden_hook":1,"gobber2:gobber2_globette":2,"minecraft:gunpowder":2,"minecraft:iron_chestplate":1,"minecraft:andesite":20},"minecraft:custom":{"lootr:looted_stat":19,"minecraft:mob_kills":16,"minecraft:interact_with_anvil":5,"minecraft:interact_with_crafting_table":29,"minecraft:damage_dealt_resisted":0,"minecraft:eat_cake_slice":7,"minecraft:leave_game":4,"minecraft:time_since_death":194,"minecraft:climb_one_cm":2776,"minecraft:damage_resisted":0,"minecraft:sprint_one_cm":494213,"minecraft:walk_one_cm":204255,"minecraft:drop":23,"minecraft:talked_to_villager":2,"minecraft:play_time":120987,"minecraft:deaths":35,"minecraft:sneak_time":7555,"minecraft:walk_under_water_one_cm":1780,"minecraft:jump":3395,"minecraft:interact_with_blast_furnace":8,"minecraft:walk_on_water_one_cm":11850,"minecraft:total_world_time":120987,"minecraft:interact_with_furnace":20,"minecraft:interact_with_cartography_table":1,"minecraft:sleep_in_bed":6,"minecraft:time_since_rest":144,"minecraft:waystone_activated":2,"minecraft:damage_taken":7835,"minecraft:damage_absorbed":198,"minecraft:damage_dealt":6036,"minecraft:player_kills":1,"minecraft:swim_one_cm":437,"minecraft:fly_one_cm":660838,"minecraft:open_chest":40,"minecraft:crouch_one_cm":14620,"tombstone:undead_killed":4,"minecraft:fall_one_cm":98386,"minecraft:horse_one_cm":46400},"minecraft:crafted":{"minecraft:oak_planks":28,"ars_nouveau:archwood_planks":52,"minecraft:furnace":2,"minecraft:crafting_table":9,"minecraft:wooden_pickaxe":1,"minecraft:bucket":1,"minecraft:bread":2,"minecraft:air":0,"minecraft:iron_chestplate":1,"minecraft:stick":8,"minecraft:iron_ingot":27,"minecraft:iron_pickaxe":1,"minecraft:wooden_axe":1,"minecraft:iron_block":3,"minecraft:iron_leggings":1,"minecraft:anvil":1},"minecraft:killed":{"minecraft:cave_spider":2,"minecraft:spider":7,"minecraft:skeleton":1,"artifacts:mimic":1,"minecraft:creeper":2,"minecraft:zombie":3},"minecraft:broken":{"minecraft:wooden_axe":1},"minecraft:mined":{"minecraft:tuff":2,"minecraft:mossy_cobblestone":1,"minecraft:deepslate_diamond_ore":7,"minecraft:glow_lichen":1,"minecraft:grass_block":2,"gobber2:gobber2_lucky_block":1,"minecraft:iron_ore":7,"minecraft:fire":1,"minecraft:cobbled_deepslate":4,"minecraft:andesite":23,"minecraft:anvil":1,"minecraft:dirt_path":2,"minecraft:deepslate_iron_ore":13,"minecraft:vine":2,"minecraft:rail":1,"minecraft:stone":24,"minecraft:green_bed":1,"minecraft:tall_grass":1,"minecraft:cobblestone":10,"minecraft:cyan_bed":4,"minecraft:deepslate_gold_ore":10,"minecraft:oak_planks":2,"minecraft:wall_torch":2,"ars_nouveau:archwood_planks":4,"minecraft:birch_leaves":1,"gobber2:gobber2_lucky_block_deepslate":4,"minecraft:grass":6,"minecraft:oak_log":8,"minecraft:coal_ore":11,"minecraft:gravel":4,"minecraft:dripstone_block":3,"minecraft:dirt":2,"minecraft:cobweb":4,"minecraft:deepslate":40,"minecraft:fern":2},"minecraft:picked_up":{"minecraft:wooden_axe":1,"minecraft:iron_chestplate":2,"minecraft:crafting_table":1,"minecraft:wheat":8,"minecraft:anvil":1,"minecraft:lead":1,"ars_nouveau:archwood_planks":24,"minecraft:string":8,"minecraft:iron_axe":1,"minecraft:iron_leggings":1,"minecraft:cracked_stone_bricks":1,"minecraft:cobbled_deepslate":32,"ars_elemental:earth_caster_tome":2,"minecraft:player_head":2,"minecraft:iron_pickaxe":1,"minecraft:iron_boots":2,"minecraft:egg":1,"minecraft:stick":6,"minecraft:raw_iron":43,"apotheosis:gem":1,"minecraft:oak_door":1,"minecraft:torch":4,"minecraft:green_bed":1,"minecraft:diorite":1,"ars_nouveau:green_archwood_log":11,"gobber2:gobber2_foo":1,"minecraft:tnt":1,"minecraft:rotten_flesh":2,"ars_nouveau:imbuement_chamber":1,"sophisticatedbackpacks:copper_backpack":1,"minecraft:rail":1,"minecraft:cobblestone":41,"minecraft:andesite":23,"minecraft:tuff":2,"minecraft:oak_log":8,"minecraft:chainmail_chestplate":1,"minecraft:gunpowder":2,"minecraft:dirt":6,"tombstone:gift":1,"artifacts:shock_pendant":1,"minecraft:bone":20,"minecraft:wheat_seeds":1,"minecraft:raw_gold":10,"minecraft:iron_ingot":12,"minecraft:cobweb":1,"gobber2:gobber2_globette":3,"minecraft:oak_planks":2,"minecraft:iron_sword":1,"gobber2:gobber2_gooey_bread":7,"minecraft:gravel":3,"minecraft:dripstone_block":2,"minecraft:cyan_bed":3,"minecraft:mossy_cobblestone":4,"ars_nouveau:wilden_spike":2,"minecraft:diamond":7,"artifacts:golden_hook":1,"tombstone:scroll_of_knowledge":1,"minecraft:iron_helmet":1,"minecraft:bread":3,"tombstone:magic_scroll":1,"gobber2:gobber2_goo":2,"minecraft:coal":11},"minecraft:used":{"minecraft:trident":2,"gobber2:gobber2_goo":2,"gobber2:gobber2_gooey_bread":4,"minecraft:iron_sword":64,"minecraft:iron_chestplate":1,"minecraft:torch":3,"minecraft:dirt":4,"minecraft:anvil":2,"minecraft:axolotl_bucket":8,"minecraft:wooden_axe":40,"minecraft:iron_axe":19,"ars_nouveau:imbuement_chamber":1,"minecraft:furnace":2,"tombstone:gift":6,"minecraft:egg":1,"minecraft:cobbled_deepslate":8,"tombstone:scroll_of_knowledge":1,"minecraft:stone_pickaxe":20,"minecraft:wooden_pickaxe":18,"minecraft:green_bed":1,"minecraft:golden_apple":1,"minecraft:glow_berries":5,"minecraft:mossy_cobblestone":1,"minecraft:tnt":1,"minecraft:crafting_table":9,"ars_nouveau:archwood_planks":4,"minecraft:cave_spider_spawn_egg":1,"minecraft:dripstone_block":1,"minecraft:cake":1,"minecraft:cyan_bed":3,"minecraft:bread":7,"minecraft:iron_pickaxe":131,"minecraft:gravel":4,"minecraft:cobblestone":14,"minecraft:andesite":3,"minecraft:bucket":9,"minecraft:cobweb":6}},"DataVersion":3465}