{"stats":{"minecraft:killed_by":{"minecraft:zombie_villager":2,"minecraft:wither_skeleton":1,"minecraft:creeper":4,"mowziesmobs:umvuthi":2,"minecraft:vindicator":1,"mowziesmobs:umvuthana":1,"minecraft:blaze":1,"artifacts:mimic":1,"minecraft:zombie":4,"majruszsdifficulty:cursed_armor":5,"minecraft:husk":1,"minecraft:player":14,"minecraft:enderman":1,"minecraft:iron_golem":3,"minecraft:skeleton":7},"minecraft:dropped":{"minecraft:diamond":13,"minecraft:ender_pearl":3,"minecraft:cooked_porkchop":2,"minecraft:cookie":4,"minecraft:glow_berries":2,"minecraft:jungle_planks":32,"minecraft:dirt":15,"ars_nouveau:imbuement_chamber":1,"minecraft:amethyst_shard":28,"gobber2:gobber2_gooey_bread":2,"minecraft:gold_ingot":5,"minecraft:iron_nugget":39,"ars_nouveau:wilden_spike":2,"minecraft:cobbled_deepslate":620,"minecraft:rotten_flesh":10,"gobber2:gobber2_staff_ensnarement":1,"minecraft:gunpowder":2,"minecraft:glass":4,"minecraft:netherrack":32,"minecraft:enchanted_book":1,"minecraft:iron_ingot":18,"minecraft:bread":67,"minecraft:wheat_seeds":41,"minecraft:copper_block":11,"minecraft:mossy_cobblestone":2,"minecraft:cobblestone":282,"minecraft:granite":59,"minecraft:grass_block":1,"minecraft:coal":41,"minecraft:stick":8,"minecraft:torch":2,"tombstone:grave_key":1,"minecraft:potion":1,"minecraft:iron_leggings":1,"minecraft:player_head":2,"minecraft:nether_wart":6,"minecraft:deepslate":176,"ars_nouveau:archwood_planks":187,"minecraft:tuff":4,"minecraft:experience_bottle":4,"minecraft:raw_iron":5,"minecraft:stripped_oak_log":1,"artifacts:golden_hook":1,"minecraft:deepslate_bricks":64,"gobber2:gobber2_globette":6,"minecraft:diamond_sword":1,"minecraft:stone":6,"minecraft:iron_chestplate":1,"minecraft:andesite":23,"minecraft:slime_ball":3,"minecraft:raw_gold":1},"minecraft:custom":{"lootr:looted_stat":40,"minecraft:interact_with_crafting_table":78,"goblintraders:trade_with_goblin":4,"minecraft:eat_cake_slice":9,"minecraft:leave_game":9,"minecraft:time_since_death":36545,"minecraft:damage_resisted":0,"minecraft:sprint_one_cm":1443355,"minecraft:drop":108,"minecraft:talked_to_villager":260,"minecraft:play_time":358091,"minecraft:deaths":81,"minecraft:interact_with_brewingstand":12,"minecraft:jump":8575,"minecraft:walk_on_water_one_cm":32961,"minecraft:interact_with_furnace":50,"minecraft:traded_with_villager":43,"minecraft:interact_with_cartography_table":1,"minecraft:sleep_in_bed":8,"minecraft:waystone_activated":2,"tombstone:sneak_grave":1,"minecraft:damage_dealt":20846,"minecraft:player_kills":2,"minecraft:crouch_one_cm":72784,"tombstone:undead_killed":22,"minecraft:horse_one_cm":46400,"minecraft:mob_kills":79,"minecraft:interact_with_anvil":10,"minecraft:damage_dealt_resisted":396,"minecraft:climb_one_cm":3044,"minecraft:walk_one_cm":565167,"minecraft:sneak_time":22417,"minecraft:walk_under_water_one_cm":7925,"minecraft:boat_one_cm":25741,"minecraft:interact_with_blast_furnace":8,"minecraft:total_world_time":358091,"tombstone:raider_killed":2,"minecraft:time_since_rest":22065,"minecraft:damage_taken":23205,"minecraft:damage_absorbed":1147,"minecraft:swim_one_cm":4030,"minecraft:fly_one_cm":1968603,"minecraft:open_chest":186,"minecraft:fall_one_cm":251878},"minecraft:crafted":{"minecraft:oak_planks":100,"ars_nouveau:archwood_planks":612,"minecraft:blaze_powder":4,"minecraft:stone":6,"minecraft:bookshelf":2,"minecraft:glass":8,"minecraft:chest":3,"minecraft:stone_hoe":1,"minecraft:oak_slab":30,"minecraft:emerald":29,"minecraft:crafting_table":11,"minecraft:wooden_pickaxe":1,"minecraft:iron_helmet":1,"minecraft:fletching_table":1,"minecraft:iron_chestplate":2,"minecraft:diamond_pickaxe":1,"sophisticatedbackpacks:diamond_backpack":1,"minecraft:stick":912,"minecraft:iron_pickaxe":1,"minecraft:iron_ingot":27,"minecraft:iron_block":3,"minecraft:gold_ingot":5,"minecraft:deepslate_bricks":64,"minecraft:experience_bottle":4,"minecraft:furnace":2,"ars_nouveau:archwood_slab":6,"minecraft:polished_deepslate":64,"minecraft:iron_axe":1,"minecraft:wheat":468,"minecraft:sugar":2,"sophisticatedbackpacks:gold_backpack":2,"minecraft:bucket":1,"minecraft:enchanted_book":13,"minecraft:bread":158,"minecraft:air":0,"minecraft:jungle_planks":256,"minecraft:oak_boat":1,"minecraft:golden_apple":3,"minecraft:fermented_spider_eye":2,"minecraft:wooden_axe":2,"minecraft:iron_leggings":2,"minecraft:anvil":1},"minecraft:killed":{"minecraft:cave_spider":3,"minecraft:spider":7,"minecraft:skeleton":4,"mowziesmobs:umvuthana_crane":11,"artifacts:mimic":2,"minecraft:pig":1,"minecraft:zombie_villager":2,"minecraft:creeper":3,"minecraft:zombie":14,"minecraft:stray":1,"minecraft:cow":1,"minecraft:blaze":4,"mowziesmobs:umvuthana":12,"minecraft:husk":1,"majruszsdifficulty:cursed_armor":3,"minecraft:enderman":4},"minecraft:broken":{"mowziesmobs:umvuthana_mask_fear":1,"minecraft:leather_leggings":1,"minecraft:iron_boots":1,"minecraft:iron_chestplate":1,"minecraft:iron_leggings":1,"mowziesmobs:umvuthana_mask_rage":1,"minecraft:wooden_axe":1},"minecraft:mined":{"minecraft:large_amethyst_bud":4,"minecraft:white_bed":2,"minecraft:granite":5,"minecraft:budding_amethyst":4,"minecraft:acacia_log":1,"minecraft:grass_block":3,"gobber2:gobber2_ore_deepslate":3,"gobber2:gobber2_lucky_block":3,"minecraft:soul_soil":11,"minecraft:nether_wart":1,"minecraft:spawner":1,"minecraft:iron_ore":7,"minecraft:cobbled_deepslate":27,"minecraft:fire":10,"minecraft:anvil":1,"minecraft:enchanting_table":1,"minecraft:dirt_path":3,"minecraft:iron_bars":2,"minecraft:green_bed":1,"minecraft:orange_bed":3,"minecraft:brown_mushroom":4,"minecraft:soul_fire":1,"minecraft:amethyst_cluster":11,"minecraft:torch":1,"gobber2:gobber2_lucky_block_nether":1,"minecraft:cobblestone":18,"minecraft:sugar_cane":1,"minecraft:cyan_bed":4,"minecraft:oak_planks":2,"minecraft:wall_torch":2,"minecraft:amethyst_block":2,"ars_nouveau:archwood_planks":4,"minecraft:wheat":2,"minecraft:grass":36,"minecraft:oak_log":28,"minecraft:dirt":20,"minecraft:stonecutter":1,"minecraft:netherrack":11,"minecraft:deepslate":161,"minecraft:tuff":15,"minecraft:mossy_cobblestone":1,"minecraft:deepslate_diamond_ore":9,"minecraft:glow_lichen":1,"minecraft:hay_block":52,"minecraft:andesite":26,"minecraft:bookshelf":3,"minecraft:deepslate_iron_ore":13,"minecraft:vine":3,"minecraft:rail":1,"minecraft:stripped_oak_log":1,"minecraft:stone":61,"minecraft:oak_slab":1,"minecraft:soul_sand":4,"minecraft:oak_fence":1,"minecraft:crafting_table":1,"minecraft:lectern":122,"minecraft:tall_grass":6,"minecraft:deepslate_gold_ore":15,"minecraft:diorite":6,"minecraft:birch_leaves":1,"gobber2:gobber2_lucky_block_deepslate":8,"minecraft:yellow_bed":1,"minecraft:coal_ore":25,"minecraft:gravel":4,"minecraft:dripstone_block":3,"minecraft:cobweb":11,"minecraft:fern":2},"minecraft:picked_up":{"minecraft:wooden_axe":1,"minecraft:wheat":8,"minecraft:iron_chestplate":2,"minecraft:chainmail_boots":1,"minecraft:anvil":1,"minecraft:diamond_sword":1,"minecraft:lead":1,"minecraft:amethyst_block":12,"minecraft:soul_soil":4,"minecraft:string":14,"waystones:warp_plate":1,"minecraft:iron_leggings":1,"gobber2:gobber2_ore_deepslate":3,"minecraft:gold_nugget":21,"minecraft:cobbled_deepslate":1214,"ars_elemental:earth_caster_tome":2,"minecraft:iron_pickaxe":1,"minecraft:iron_boots":2,"minecraft:tipped_arrow":1,"apotheosis:gem":3,"minecraft:stick":6,"minecraft:oak_fence":1,"minecraft:torch":8,"minecraft:green_bed":1,"minecraft:porkchop":1,"tombstone:grave_dust":3,"minecraft:diorite":56,"minecraft:golden_chestplate":1,"gobber2:gobber2_foo":3,"minecraft:orange_bed":3,"minecraft:rotten_flesh":22,"ars_nouveau:imbuement_chamber":1,"minecraft:bookshelf":28,"minecraft:blaze_rod":2,"minecraft:iron_bars":2,"minecraft:cobblestone":599,"minecraft:enchanting_table":1,"minecraft:cooked_beef":2,"minecraft:feather":5,"minecraft:jungle_log":121,"minecraft:andesite":59,"minecraft:flint":3,"minecraft:tuff":37,"gobber2:gobber2_gooey_bread_nether":2,"minecraft:dirt":32,"artifacts:shock_pendant":1,"minecraft:glass":2,"minecraft:bone":22,"minecraft:stonecutter":1,"gobber2:gobber2_gooey_beef":1,"minecraft:wheat_seeds":39,"minecraft:raw_gold":25,"gobber2:gobber2_globette":6,"minecraft:oak_planks":2,"gobber2:gobber2_gooey_bread":11,"gobber2:gobber2_rod_nether":2,"gobber2:gobber2_staff_ensnarement":3,"minecraft:jungle_planks":64,"minecraft:sand":8,"minecraft:cyan_bed":3,"minecraft:grass_block":1,"minecraft:mossy_cobblestone":4,"minecraft:deepslate":231,"minecraft:diamond":17,"artifacts:golden_hook":1,"minecraft:granite":151,"minecraft:bread":40,"minecraft:chainmail_helmet":1,"minecraft:netherrack":64,"gobber2:gobber2_goo":7,"minecraft:crafting_table":2,"minecraft:nether_wart":3,"minecraft:leather_leggings":1,"minecraft:brown_mushroom":18,"ars_nouveau:archwood_planks":24,"minecraft:iron_axe":2,"minecraft:cracked_stone_bricks":1,"minecraft:oak_boat":4,"minecraft:player_head":2,"minecraft:iron_nugget":35,"minecraft:lectern":122,"minecraft:sugar_cane":2,"minecraft:egg":3,"minecraft:raw_iron":43,"minecraft:oak_door":1,"minecraft:copper_ingot":24,"minecraft:cookie":5,"minecraft:carrot":1,"minecraft:redstone":78,"ars_nouveau:green_archwood_log":11,"minecraft:tnt":1,"minecraft:arrow":4,"minecraft:hay_block":52,"artifacts:running_shoes":1,"minecraft:gold_ingot":36,"sophisticatedbackpacks:copper_backpack":1,"minecraft:rail":1,"minecraft:stripped_oak_log":1,"gobber2:gobber2_gooey_beefstew":2,"minecraft:leather":2,"minecraft:oak_log":26,"minecraft:chainmail_chestplate":1,"minecraft:gunpowder":2,"tombstone:gift":1,"minecraft:iron_ingot":43,"minecraft:cobweb":1,"minecraft:soul_sand":8,"minecraft:iron_sword":1,"gobber2:gobber2_hammer":1,"minecraft:book":21,"minecraft:oak_slab":2,"minecraft:dripstone_block":2,"minecraft:gravel":3,"minecraft:amethyst_shard":28,"waystones:attuned_shard":1,"minecraft:white_bed":2,"ars_nouveau:wilden_spike":2,"tombstone:scroll_of_knowledge":1,"minecraft:iron_helmet":1,"tombstone:magic_scroll":1,"gobber2:gobber2_goo_nether":2,"minecraft:coal":60,"minecraft:ender_pearl":3},"minecraft:used":{"gobber2:gobber2_goo":2,"mowziesmobs:umvuthana_mask_fear":2,"gobber2:gobber2_gooey_bread":4,"minecraft:chest":7,"minecraft:iron_sword":128,"minecraft:rotten_flesh":1,"minecraft:iron_chestplate":1,"gobber2:gobber2_goo_nether":2,"minecraft:soul_sand":6,"minecraft:carrot":2,"minecraft:axolotl_bucket":29,"mowziesmobs:umvuthana_mask_faith":3,"minecraft:iron_helmet":2,"gobber2:gobber2_hammer":173,"mowziesmobs:umvuthana_mask_rage":1,"minecraft:furnace":2,"minecraft:egg":3,"minecraft:diorite":10,"minecraft:stone_pickaxe":25,"minecraft:wooden_pickaxe":18,"minecraft:cookie":1,"minecraft:golden_apple":1,"minecraft:glow_berries":25,"ars_nouveau:archwood_planks":4,"minecraft:cave_spider_spawn_egg":1,"minecraft:dripstone_block":1,"gobber2:gobber2_gooey_bread_nether":2,"minecraft:cyan_bed":3,"minecraft:bread":91,"minecraft:lectern":124,"tombstone:grave_key":19,"minecraft:deepslate":2,"minecraft:gravel":4,"minecraft:diamond_sword":31,"minecraft:fire_charge":3,"minecraft:andesite":3,"minecraft:oak_boat":5,"minecraft:cobweb":6,"minecraft:trident":5,"minecraft:enchanting_table":2,"minecraft:silverfish_spawn_egg":1,"minecraft:stone_hoe":56,"ars_nouveau:archwood_slab":6,"minecraft:orange_bed":2,"minecraft:torch":3,"minecraft:dirt":7,"minecraft:anvil":3,"minecraft:wooden_axe":44,"minecraft:bookshelf":24,"ars_nouveau:frostaya_pod":2,"minecraft:iron_axe":278,"ars_nouveau:imbuement_chamber":1,"minecraft:iron_boots":1,"gobber2:gobber2_staff_ensnarement":16,"waystones:warp_plate":1,"tombstone:gift":8,"minecraft:cobbled_deepslate":250,"minecraft:water_bucket":43,"tombstone:scroll_of_knowledge":1,"minecraft:glass_bottle":6,"minecraft:fletching_table":1,"minecraft:green_bed":1,"minecraft:mossy_cobblestone":1,"minecraft:tnt":1,"minecraft:oak_slab":19,"minecraft:crafting_table":12,"minecraft:white_bed":2,"minecraft:cake":1,"minecraft:diamond_pickaxe":39,"minecraft:diamond_shovel":37,"minecraft:iron_pickaxe":211,"minecraft:cobblestone":143,"minecraft:cooked_porkchop":1,"minecraft:bucket":73,"minecraft:pumpkin_pie":3,"minecraft:splash_potion":3}},"DataVersion":3465}