{"stats":{"minecraft:dropped":{"minecraft:ender_pearl":3,"minecraft:diamond":13,"minecraft:cooked_porkchop":2,"minecraft:glow_berries":2,"minecraft:cookie":4,"minecraft:jungle_planks":32,"minecraft:cracked_stone_bricks":2,"artifacts:flippers":1,"minecraft:leather_helmet":1,"ars_nouveau:imbuement_chamber":1,"minecraft:dirt":15,"minecraft:amethyst_shard":28,"gobber2:gobber2_gooey_bread":2,"minecraft:white_wool":1,"artifacts:cowboy_hat":1,"minecraft:gold_ingot":5,"minecraft:bone":2,"minecraft:iron_nugget":39,"ars_nouveau:wilden_spike":2,"minecraft:cobbled_deepslate":621,"minecraft:rotten_flesh":10,"gobber2:gobber2_staff_ensnarement":1,"minecraft:gunpowder":2,"minecraft:iron_bars":2,"minecraft:arrow":2,"minecraft:glass":4,"minecraft:netherrack":32,"minecraft:enchanted_book":2,"minecraft:iron_ingot":18,"minecraft:bread":67,"minecraft:wheat_seeds":41,"minecraft:copper_block":11,"minecraft:mossy_cobblestone":2,"minecraft:cobblestone":283,"minecraft:granite":59,"minecraft:grass_block":1,"minecraft:coal":42,"minecraft:stick":8,"minecraft:diorite":3,"minecraft:torch":2,"tombstone:grave_key":1,"minecraft:potion":1,"minecraft:iron_leggings":1,"minecraft:soul_soil":1,"minecraft:player_head":2,"minecraft:nether_wart":6,"minecraft:deepslate":290,"ars_nouveau:archwood_planks":187,"minecraft:tuff":44,"minecraft:experience_bottle":4,"minecraft:raw_iron":5,"minecraft:stripped_oak_log":1,"artifacts:golden_hook":1,"minecraft:deepslate_bricks":64,"gobber2:gobber2_globette":6,"minecraft:diamond_sword":1,"minecraft:stone":6,"minecraft:iron_chestplate":1,"minecraft:andesite":23,"minecraft:stone_bricks":4,"minecraft:slime_ball":3,"minecraft:raw_gold":1,"artifacts:snowshoes":1},"minecraft:crafted":{"minecraft:oak_planks":112,"minecraft:smooth_stone":2,"ars_nouveau:archwood_planks":612,"gobber2:gobber2_leggings":1,"minecraft:blaze_powder":4,"minecraft:stone":9,"minecraft:bookshelf":6,"minecraft:glass":8,"minecraft:chest":3,"minecraft:stone_hoe":1,"minecraft:oak_slab":30,"minecraft:emerald":62,"gobber2:gobber2_ingot":48,"minecraft:crafting_table":11,"minecraft:wooden_pickaxe":1,"minecraft:iron_helmet":1,"minecraft:fletching_table":1,"minecraft:iron_chestplate":2,"minecraft:diamond_pickaxe":1,"sophisticatedbackpacks:diamond_backpack":1,"minecraft:stick":1712,"minecraft:iron_ingot":35,"minecraft:iron_pickaxe":1,"minecraft:iron_block":3,"minecraft:gold_ingot":32,"minecraft:deepslate_bricks":64,"minecraft:coal":1,"minecraft:experience_bottle":4,"minecraft:furnace":2,"ars_nouveau:archwood_slab":6,"gobber2:gobber2_helmet":1,"gobber2:gobber2_glob":16,"minecraft:polished_deepslate":64,"minecraft:iron_axe":1,"minecraft:wheat":468,"minecraft:sugar":2,"sophisticatedbackpacks:gold_backpack":2,"minecraft:bucket":1,"minecraft:enchanted_book":25,"minecraft:bread":158,"minecraft:air":0,"minecraft:jungle_planks":484,"minecraft:oak_boat":1,"minecraft:golden_apple":3,"minecraft:flint":64,"minecraft:gunpowder":14,"minecraft:fermented_spider_eye":2,"minecraft:wooden_axe":2,"minecraft:iron_leggings":2,"minecraft:anvil":1},"minecraft:picked_up":{"minecraft:wooden_axe":1,"minecraft:wheat":8,"minecraft:iron_chestplate":2,"minecraft:chainmail_boots":1,"minecraft:anvil":1,"minecraft:lead":1,"minecraft:diamond_sword":1,"minecraft:amethyst_block":12,"minecraft:string":14,"minecraft:soul_soil":6,"waystones:warp_plate":1,"minecraft:iron_leggings":1,"minecraft:armor_stand":1,"minecraft:oak_sign":1,"gobber2:gobber2_ore_deepslate":20,"minecraft:cobbled_deepslate":1215,"minecraft:gold_nugget":22,"ars_elemental:earth_caster_tome":2,"minecraft:iron_pickaxe":1,"minecraft:iron_boots":2,"minecraft:tipped_arrow":1,"minecraft:stick":6,"apotheosis:gem":4,"minecraft:oak_fence":1,"minecraft:torch":8,"minecraft:green_bed":1,"minecraft:porkchop":1,"tombstone:grave_dust":3,"minecraft:diorite":62,"minecraft:golden_chestplate":1,"gobber2:gobber2_foo":3,"minecraft:orange_bed":3,"minecraft:rotten_flesh":24,"ars_nouveau:imbuement_chamber":1,"minecraft:bookshelf":28,"minecraft:blaze_rod":2,"minecraft:iron_bars":4,"minecraft:cobblestone":600,"minecraft:enchanting_table":1,"minecraft:cooked_beef":2,"minecraft:feather":5,"minecraft:andesite":59,"minecraft:jungle_log":121,"minecraft:flint":8,"minecraft:tuff":136,"gobber2:gobber2_gooey_bread_nether":2,"minecraft:dirt":32,"artifacts:flippers":1,"artifacts:shock_pendant":1,"minecraft:leather_boots":1,"minecraft:glass":2,"minecraft:bone":24,"minecraft:stonecutter":1,"gobber2:gobber2_gooey_beef":1,"minecraft:wheat_seeds":39,"minecraft:raw_gold":40,"gobber2:gobber2_globette":6,"minecraft:oak_planks":2,"gobber2:gobber2_gooey_bread":11,"gobber2:gobber2_rod_nether":2,"gobber2:gobber2_staff_ensnarement":3,"minecraft:jungle_planks":64,"minecraft:sand":8,"minecraft:grass_block":1,"minecraft:cyan_bed":3,"minecraft:mossy_cobblestone":4,"artifacts:golden_hook":1,"minecraft:diamond":35,"minecraft:deepslate":351,"minecraft:deepslate_gold_ore":1,"minecraft:granite":151,"minecraft:chainmail_helmet":1,"minecraft:bread":40,"minecraft:netherrack":64,"gobber2:gobber2_goo":7,"minecraft:crafting_table":2,"minecraft:nether_wart":3,"minecraft:leather_leggings":1,"minecraft:brown_mushroom":18,"ars_nouveau:archwood_planks":24,"minecraft:iron_axe":2,"minecraft:cracked_stone_bricks":3,"minecraft:deepslate_diamond_ore":7,"minecraft:oak_boat":4,"minecraft:player_head":2,"minecraft:iron_nugget":35,"minecraft:lectern":122,"minecraft:sugar_cane":2,"minecraft:egg":3,"minecraft:raw_iron":52,"minecraft:stone":52,"minecraft:oak_door":1,"minecraft:copper_ingot":24,"minecraft:cookie":5,"minecraft:carrot":1,"minecraft:redstone":78,"ars_nouveau:green_archwood_log":11,"minecraft:tnt":1,"artifacts:cowboy_hat":2,"minecraft:arrow":6,"artifacts:snowshoes":1,"minecraft:hay_block":52,"artifacts:running_shoes":1,"minecraft:gold_ingot":36,"sophisticatedbackpacks:copper_backpack":1,"minecraft:rail":1,"minecraft:stripped_oak_log":1,"gobber2:gobber2_gooey_beefstew":2,"minecraft:leather":2,"artifacts:onion_ring":1,"minecraft:oak_log":29,"minecraft:chainmail_chestplate":1,"minecraft:gunpowder":2,"tombstone:gift":1,"minecraft:stone_bricks":4,"minecraft:iron_ingot":46,"minecraft:cobweb":1,"minecraft:soul_sand":8,"minecraft:iron_sword":1,"gobber2:gobber2_hammer":1,"minecraft:book":33,"minecraft:oak_slab":2,"minecraft:dripstone_block":2,"minecraft:gravel":124,"minecraft:amethyst_shard":28,"waystones:attuned_shard":1,"minecraft:white_bed":2,"minecraft:leather_helmet":2,"ars_nouveau:wilden_spike":2,"tombstone:scroll_of_knowledge":1,"minecraft:iron_helmet":1,"tombstone:magic_scroll":1,"gobber2:gobber2_goo_nether":2,"minecraft:coal":60,"minecraft:ender_pearl":3},"minecraft:mined":{"minecraft:large_amethyst_bud":4,"minecraft:white_bed":2,"minecraft:granite":5,"minecraft:budding_amethyst":4,"minecraft:acacia_log":1,"minecraft:grass_block":3,"gobber2:gobber2_ore_deepslate":12,"gobber2:gobber2_lucky_block":3,"minecraft:soul_soil":13,"minecraft:nether_wart":1,"minecraft:spawner":1,"minecraft:iron_ore":7,"minecraft:cobbled_deepslate":27,"minecraft:fire":10,"minecraft:anvil":1,"minecraft:enchanting_table":1,"minecraft:oak_sign":1,"minecraft:dirt_path":3,"minecraft:iron_bars":2,"minecraft:green_bed":1,"minecraft:orange_bed":3,"minecraft:brown_mushroom":4,"minecraft:soul_fire":1,"minecraft:amethyst_cluster":11,"minecraft:torch":1,"gobber2:gobber2_lucky_block_nether":1,"minecraft:cobblestone":18,"minecraft:cyan_bed":4,"minecraft:sugar_cane":1,"minecraft:oak_planks":2,"minecraft:wall_torch":2,"minecraft:amethyst_block":2,"ars_nouveau:archwood_planks":4,"minecraft:wheat":2,"minecraft:grass":36,"minecraft:oak_log":31,"minecraft:dirt":20,"minecraft:stonecutter":1,"minecraft:netherrack":11,"minecraft:deepslate":179,"minecraft:tuff":30,"minecraft:mossy_cobblestone":1,"minecraft:deepslate_diamond_ore":21,"minecraft:glow_lichen":1,"minecraft:hay_block":52,"minecraft:andesite":26,"minecraft:bookshelf":7,"minecraft:deepslate_iron_ore":19,"minecraft:vine":3,"minecraft:rail":1,"minecraft:stripped_oak_log":1,"minecraft:stone":68,"minecraft:oak_slab":1,"minecraft:soul_sand":4,"minecraft:oak_fence":1,"minecraft:crafting_table":1,"minecraft:lectern":122,"minecraft:tall_grass":6,"minecraft:deepslate_gold_ore":27,"minecraft:diorite":6,"minecraft:birch_leaves":1,"gobber2:gobber2_lucky_block_deepslate":8,"minecraft:yellow_bed":1,"minecraft:coal_ore":25,"minecraft:gravel":131,"minecraft:dripstone_block":3,"minecraft:cobweb":11,"minecraft:stone_bricks":2,"minecraft:fern":2},"minecraft:used":{"gobber2:gobber2_goo":7,"mowziesmobs:umvuthana_mask_fear":2,"minecraft:oak_sign":4,"gobber2:gobber2_gooey_bread":8,"minecraft:chest":7,"minecraft:iron_sword":128,"minecraft:rotten_flesh":1,"minecraft:iron_chestplate":1,"gobber2:gobber2_goo_nether":2,"minecraft:soul_sand":6,"minecraft:carrot":13,"minecraft:tuff":23,"minecraft:axolotl_bucket":29,"mowziesmobs:umvuthana_mask_faith":3,"minecraft:iron_helmet":3,"gobber2:gobber2_hammer":230,"minecraft:deepslate_diamond_ore":7,"mowziesmobs:umvuthana_mask_rage":1,"minecraft:bow":2,"minecraft:furnace":2,"minecraft:egg":3,"minecraft:diorite":10,"minecraft:stone_pickaxe":25,"minecraft:wooden_pickaxe":18,"minecraft:cookie":1,"minecraft:golden_apple":3,"minecraft:glow_berries":25,"ars_nouveau:archwood_planks":4,"minecraft:cave_spider_spawn_egg":1,"minecraft:dripstone_block":1,"gobber2:gobber2_gooey_bread_nether":2,"minecraft:bread":106,"minecraft:cyan_bed":3,"minecraft:lectern":124,"tombstone:grave_key":19,"minecraft:deepslate":57,"minecraft:gravel":4,"minecraft:diamond_sword":115,"minecraft:fire_charge":3,"minecraft:andesite":3,"minecraft:oak_boat":5,"minecraft:cobweb":6,"minecraft:trident":5,"minecraft:enchanting_table":2,"minecraft:armor_stand":2,"minecraft:silverfish_spawn_egg":1,"minecraft:deepslate_gold_ore":1,"minecraft:stone_hoe":56,"ars_nouveau:archwood_slab":6,"minecraft:orange_bed":2,"minecraft:torch":3,"minecraft:dirt":7,"minecraft:anvil":3,"minecraft:wooden_axe":44,"minecraft:bookshelf":28,"ars_nouveau:frostaya_pod":2,"minecraft:iron_axe":286,"minecraft:iron_boots":1,"ars_nouveau:imbuement_chamber":1,"gobber2:gobber2_staff_ensnarement":23,"gobber2:gobber2_gooey_beef":1,"minecraft:soul_soil":2,"waystones:warp_plate":1,"tombstone:gift":9,"minecraft:cobbled_deepslate":250,"minecraft:water_bucket":43,"tombstone:scroll_of_knowledge":1,"minecraft:glass_bottle":6,"minecraft:fletching_table":1,"minecraft:green_bed":1,"minecraft:mossy_cobblestone":1,"minecraft:oak_slab":21,"minecraft:tnt":1,"minecraft:crafting_table":12,"minecraft:white_bed":2,"minecraft:cake":1,"minecraft:diamond_pickaxe":67,"minecraft:apple":3,"minecraft:diamond_shovel":165,"minecraft:iron_pickaxe":211,"minecraft:leather_helmet":1,"minecraft:cobblestone":146,"minecraft:cooked_porkchop":1,"minecraft:bucket":73,"minecraft:pumpkin_pie":7,"minecraft:splash_potion":3},"minecraft:killed":{"minecraft:cave_spider":3,"minecraft:zombified_piglin":1,"minecraft:spider":7,"minecraft:skeleton":5,"mowziesmobs:umvuthana_crane":11,"artifacts:mimic":7,"minecraft:pig":1,"minecraft:zombie_villager":2,"minecraft:iron_golem":1,"minecraft:creeper":3,"arphex:centipede_evictor_larvae":1,"minecraft:zombie":14,"minecraft:stray":1,"minecraft:cow":1,"minecraft:blaze":4,"mowziesmobs:umvuthana":12,"minecraft:husk":3,"majruszsdifficulty:cursed_armor":3,"minecraft:enderman":4},"minecraft:killed_by":{"minecraft:zombie_villager":2,"minecraft:wither_skeleton":1,"minecraft:creeper":4,"mowziesmobs:umvuthi":2,"minecraft:vindicator":1,"mowziesmobs:umvuthana":1,"minecraft:blaze":1,"artifacts:mimic":1,"minecraft:zombie":4,"majruszsdifficulty:cursed_armor":6,"minecraft:husk":1,"minecraft:player":14,"minecraft:enderman":1,"minecraft:iron_golem":3,"minecraft:skeleton":7},"minecraft:broken":{"mowziesmobs:umvuthana_mask_fear":1,"minecraft:leather_leggings":1,"minecraft:iron_boots":1,"minecraft:iron_chestplate":1,"minecraft:iron_leggings":1,"mowziesmobs:umvuthana_mask_rage":1,"minecraft:wooden_axe":1},"minecraft:custom":{"lootr:looted_stat":51,"minecraft:interact_with_crafting_table":85,"goblintraders:trade_with_goblin":57,"minecraft:eat_cake_slice":9,"minecraft:leave_game":10,"minecraft:time_since_death":20669,"minecraft:damage_resisted":0,"minecraft:sprint_one_cm":1795236,"minecraft:drop":134,"minecraft:talked_to_villager":271,"minecraft:play_time":427688,"minecraft:deaths":82,"minecraft:jump":9599,"minecraft:interact_with_brewingstand":13,"minecraft:walk_on_water_one_cm":38568,"minecraft:interact_with_furnace":90,"minecraft:traded_with_villager":92,"minecraft:interact_with_cartography_table":1,"minecraft:sleep_in_bed":8,"minecraft:waystone_activated":2,"tombstone:sneak_grave":1,"minecraft:damage_dealt":26471,"minecraft:player_kills":2,"minecraft:crouch_one_cm":89259,"tombstone:undead_killed":26,"minecraft:horse_one_cm":46400,"minecraft:interact_with_anvil":14,"minecraft:mob_kills":90,"minecraft:damage_dealt_resisted":524,"minecraft:climb_one_cm":3044,"minecraft:walk_one_cm":691641,"minecraft:sneak_time":26944,"minecraft:walk_under_water_one_cm":9605,"minecraft:boat_one_cm":25741,"minecraft:interact_with_blast_furnace":8,"minecraft:total_world_time":427688,"tombstone:raider_killed":2,"minecraft:time_since_rest":20461,"minecraft:damage_taken":25022,"minecraft:damage_absorbed":1187,"minecraft:swim_one_cm":7695,"minecraft:fly_one_cm":2170183,"minecraft:open_chest":243,"minecraft:fall_one_cm":271803}},"DataVersion":3465}