{"stats":{"minecraft:killed_by":{"minecraft:player":11,"minecraft:creeper":2,"mowziesmobs:umvuthi":2,"minecraft:vindicator":1,"mowziesmobs:umvuthana":1,"minecraft:skeleton":4,"artifacts:mimic":1,"minecraft:zombie":3,"majruszsdifficulty:cursed_armor":1},"minecraft:dropped":{"minecraft:enchanted_book":1,"minecraft:wheat_seeds":2,"minecraft:mossy_cobblestone":2,"minecraft:cobblestone":7,"minecraft:glow_berries":2,"minecraft:stick":8,"ars_nouveau:imbuement_chamber":1,"tombstone:grave_key":1,"minecraft:iron_leggings":1,"gobber2:gobber2_gooey_bread":2,"minecraft:player_head":2,"ars_nouveau:wilden_spike":2,"minecraft:rotten_flesh":2,"artifacts:golden_hook":1,"gobber2:gobber2_globette":2,"minecraft:gunpowder":2,"minecraft:iron_chestplate":1,"minecraft:andesite":20},"minecraft:custom":{"lootr:looted_stat":22,"minecraft:mob_kills":40,"minecraft:interact_with_anvil":5,"minecraft:interact_with_crafting_table":29,"minecraft:damage_dealt_resisted":149,"minecraft:eat_cake_slice":7,"minecraft:leave_game":5,"minecraft:time_since_death":0,"minecraft:climb_one_cm":2776,"minecraft:damage_resisted":0,"minecraft:sprint_one_cm":581469,"minecraft:walk_one_cm":235483,"minecraft:drop":25,"minecraft:talked_to_villager":2,"minecraft:play_time":139158,"minecraft:deaths":44,"minecraft:sneak_time":7813,"minecraft:walk_under_water_one_cm":2286,"minecraft:jump":4294,"minecraft:interact_with_blast_furnace":8,"minecraft:walk_on_water_one_cm":18310,"minecraft:total_world_time":139158,"minecraft:interact_with_furnace":21,"minecraft:interact_with_cartography_table":1,"minecraft:sleep_in_bed":6,"minecraft:time_since_rest":27,"minecraft:waystone_activated":2,"minecraft:damage_taken":9829,"minecraft:damage_absorbed":536,"minecraft:damage_dealt":8931,"minecraft:swim_one_cm":437,"minecraft:fly_one_cm":926534,"minecraft:player_kills":1,"minecraft:open_chest":46,"minecraft:crouch_one_cm":15039,"tombstone:undead_killed":4,"minecraft:fall_one_cm":124492,"minecraft:horse_one_cm":46400},"minecraft:crafted":{"minecraft:oak_planks":28,"ars_nouveau:archwood_planks":52,"minecraft:furnace":2,"minecraft:crafting_table":9,"minecraft:wooden_pickaxe":1,"minecraft:bucket":1,"minecraft:bread":2,"minecraft:air":0,"minecraft:iron_chestplate":1,"minecraft:stick":8,"minecraft:iron_ingot":27,"minecraft:iron_pickaxe":1,"minecraft:wooden_axe":1,"minecraft:iron_block":3,"minecraft:iron_leggings":1,"minecraft:anvil":1},"minecraft:killed":{"minecraft:cave_spider":2,"minecraft:spider":7,"minecraft:skeleton":1,"mowziesmobs:umvuthana_crane":11,"mowziesmobs:umvuthana":12,"artifacts:mimic":1,"minecraft:creeper":2,"minecraft:zombie":3},"minecraft:broken":{"minecraft:iron_leggings":1,"minecraft:wooden_axe":1},"minecraft:mined":{"minecraft:tuff":2,"minecraft:mossy_cobblestone":1,"minecraft:deepslate_diamond_ore":7,"minecraft:glow_lichen":1,"minecraft:acacia_log":1,"minecraft:grass_block":3,"gobber2:gobber2_lucky_block":1,"minecraft:iron_ore":7,"minecraft:cobbled_deepslate":4,"minecraft:fire":5,"minecraft:andesite":23,"minecraft:anvil":1,"minecraft:vine":2,"minecraft:deepslate_iron_ore":13,"minecraft:dirt_path":2,"minecraft:rail":1,"minecraft:stone":24,"minecraft:green_bed":1,"minecraft:orange_bed":2,"minecraft:tall_grass":5,"minecraft:cobblestone":13,"minecraft:cyan_bed":4,"minecraft:deepslate_gold_ore":10,"minecraft:oak_planks":2,"minecraft:wall_torch":2,"ars_nouveau:archwood_planks":4,"minecraft:birch_leaves":1,"gobber2:gobber2_lucky_block_deepslate":4,"minecraft:grass":18,"minecraft:oak_log":8,"minecraft:coal_ore":11,"minecraft:gravel":4,"minecraft:dripstone_block":3,"minecraft:dirt":2,"minecraft:cobweb":4,"minecraft:deepslate":40,"minecraft:fern":2},"minecraft:picked_up":{"minecraft:wooden_axe":1,"minecraft:crafting_table":1,"minecraft:iron_chestplate":2,"minecraft:wheat":8,"minecraft:anvil":1,"minecraft:lead":1,"ars_nouveau:archwood_planks":24,"minecraft:string":8,"minecraft:iron_axe":1,"minecraft:iron_leggings":1,"minecraft:cracked_stone_bricks":1,"minecraft:cobbled_deepslate":32,"ars_elemental:earth_caster_tome":2,"minecraft:player_head":2,"minecraft:iron_pickaxe":1,"minecraft:iron_boots":2,"minecraft:egg":3,"minecraft:stick":6,"minecraft:raw_iron":43,"apotheosis:gem":1,"minecraft:oak_door":1,"minecraft:torch":4,"minecraft:green_bed":1,"minecraft:diorite":1,"minecraft:tnt":1,"ars_nouveau:green_archwood_log":11,"gobber2:gobber2_foo":1,"minecraft:orange_bed":2,"minecraft:rotten_flesh":4,"minecraft:arrow":2,"ars_nouveau:imbuement_chamber":1,"sophisticatedbackpacks:copper_backpack":1,"minecraft:cobblestone":44,"minecraft:rail":1,"minecraft:feather":5,"minecraft:andesite":23,"minecraft:tuff":2,"minecraft:oak_log":8,"minecraft:chainmail_chestplate":1,"minecraft:gunpowder":2,"minecraft:dirt":7,"tombstone:gift":1,"artifacts:shock_pendant":1,"minecraft:bone":21,"minecraft:wheat_seeds":8,"minecraft:raw_gold":10,"minecraft:iron_ingot":12,"minecraft:cobweb":1,"gobber2:gobber2_globette":3,"minecraft:iron_sword":1,"minecraft:oak_planks":2,"gobber2:gobber2_gooey_bread":7,"minecraft:gravel":3,"minecraft:dripstone_block":2,"minecraft:cyan_bed":3,"minecraft:mossy_cobblestone":4,"ars_nouveau:wilden_spike":2,"minecraft:diamond":7,"artifacts:golden_hook":1,"tombstone:scroll_of_knowledge":1,"minecraft:iron_helmet":1,"minecraft:bread":3,"tombstone:magic_scroll":1,"gobber2:gobber2_goo":2,"minecraft:coal":11},"minecraft:used":{"minecraft:trident":2,"gobber2:gobber2_goo":2,"minecraft:silverfish_spawn_egg":1,"gobber2:gobber2_gooey_bread":4,"minecraft:iron_sword":64,"minecraft:iron_chestplate":1,"minecraft:orange_bed":2,"minecraft:torch":3,"minecraft:dirt":4,"minecraft:anvil":2,"minecraft:axolotl_bucket":12,"minecraft:wooden_axe":41,"minecraft:iron_axe":61,"ars_nouveau:imbuement_chamber":1,"minecraft:furnace":2,"tombstone:gift":6,"minecraft:egg":2,"minecraft:cobbled_deepslate":8,"tombstone:scroll_of_knowledge":1,"minecraft:water_bucket":12,"minecraft:stone_pickaxe":20,"minecraft:wooden_pickaxe":18,"minecraft:green_bed":1,"minecraft:golden_apple":1,"minecraft:glow_berries":25,"minecraft:mossy_cobblestone":1,"minecraft:tnt":1,"minecraft:crafting_table":9,"ars_nouveau:archwood_planks":4,"minecraft:cave_spider_spawn_egg":1,"minecraft:dripstone_block":1,"minecraft:cake":1,"minecraft:bread":7,"minecraft:cyan_bed":3,"minecraft:iron_pickaxe":134,"minecraft:gravel":4,"minecraft:cobblestone":14,"minecraft:andesite":3,"minecraft:bucket":26,"minecraft:cobweb":6}},"DataVersion":3465}