{"stats":{"minecraft:killed_by":{"minecraft:player":11,"minecraft:creeper":2,"mowziesmobs:umvuthi":2,"minecraft:vindicator":1,"mowziesmobs:umvuthana":1,"minecraft:skeleton":5,"artifacts:mimic":1,"minecraft:zombie":3,"majruszsdifficulty:cursed_armor":2},"minecraft:dropped":{"minecraft:enchanted_book":1,"minecraft:bread":66,"minecraft:wheat_seeds":2,"minecraft:mossy_cobblestone":2,"minecraft:cooked_porkchop":2,"minecraft:cobblestone":7,"minecraft:glow_berries":2,"minecraft:stick":8,"ars_nouveau:imbuement_chamber":1,"tombstone:grave_key":1,"minecraft:iron_leggings":1,"gobber2:gobber2_gooey_bread":2,"minecraft:player_head":2,"ars_nouveau:wilden_spike":2,"minecraft:rotten_flesh":3,"artifacts:golden_hook":1,"gobber2:gobber2_globette":3,"minecraft:gunpowder":2,"minecraft:iron_chestplate":1,"minecraft:andesite":23},"minecraft:custom":{"lootr:looted_stat":24,"minecraft:mob_kills":51,"minecraft:interact_with_anvil":6,"minecraft:interact_with_crafting_table":39,"minecraft:damage_dealt_resisted":355,"minecraft:eat_cake_slice":7,"minecraft:leave_game":6,"minecraft:time_since_death":420,"minecraft:climb_one_cm":2776,"minecraft:damage_resisted":0,"minecraft:sprint_one_cm":667206,"minecraft:walk_one_cm":294617,"minecraft:drop":33,"minecraft:talked_to_villager":3,"minecraft:play_time":173027,"minecraft:deaths":48,"minecraft:sneak_time":10275,"minecraft:walk_under_water_one_cm":4782,"minecraft:boat_one_cm":25741,"minecraft:jump":5269,"minecraft:interact_with_blast_furnace":8,"minecraft:walk_on_water_one_cm":24472,"minecraft:total_world_time":173027,"minecraft:interact_with_furnace":22,"tombstone:raider_killed":2,"minecraft:interact_with_cartography_table":1,"minecraft:sleep_in_bed":6,"minecraft:time_since_rest":274,"minecraft:waystone_activated":2,"minecraft:damage_taken":11493,"minecraft:damage_absorbed":881,"minecraft:damage_dealt":11647,"minecraft:swim_one_cm":1778,"minecraft:fly_one_cm":1160748,"minecraft:player_kills":2,"minecraft:open_chest":80,"minecraft:crouch_one_cm":22446,"tombstone:undead_killed":10,"minecraft:fall_one_cm":146257,"minecraft:horse_one_cm":46400},"minecraft:crafted":{"minecraft:oak_planks":88,"ars_nouveau:archwood_planks":52,"minecraft:furnace":2,"minecraft:stone_hoe":1,"minecraft:wheat":468,"minecraft:crafting_table":11,"minecraft:wooden_pickaxe":1,"minecraft:bucket":1,"minecraft:bread":158,"minecraft:air":0,"minecraft:oak_boat":1,"minecraft:iron_chestplate":1,"minecraft:diamond_pickaxe":1,"minecraft:stick":16,"minecraft:iron_ingot":27,"minecraft:iron_pickaxe":1,"minecraft:wooden_axe":1,"minecraft:iron_block":3,"minecraft:iron_leggings":1,"minecraft:anvil":1},"minecraft:killed":{"minecraft:cave_spider":3,"minecraft:spider":7,"minecraft:skeleton":3,"mowziesmobs:umvuthana_crane":11,"mowziesmobs:umvuthana":12,"artifacts:mimic":1,"minecraft:husk":1,"minecraft:pig":1,"majruszsdifficulty:cursed_armor":2,"minecraft:creeper":2,"minecraft:zombie":6},"minecraft:broken":{"minecraft:iron_leggings":1,"minecraft:wooden_axe":1},"minecraft:mined":{"minecraft:tuff":8,"minecraft:mossy_cobblestone":1,"minecraft:deepslate_diamond_ore":9,"minecraft:glow_lichen":1,"minecraft:acacia_log":1,"minecraft:grass_block":3,"gobber2:gobber2_lucky_block":1,"minecraft:hay_block":52,"minecraft:iron_ore":7,"minecraft:cobbled_deepslate":5,"minecraft:fire":5,"minecraft:andesite":26,"minecraft:anvil":1,"minecraft:vine":2,"minecraft:deepslate_iron_ore":13,"minecraft:dirt_path":2,"minecraft:rail":1,"minecraft:stone":28,"minecraft:green_bed":1,"minecraft:orange_bed":3,"minecraft:oak_fence":1,"minecraft:crafting_table":1,"minecraft:tall_grass":5,"minecraft:cobblestone":14,"minecraft:cyan_bed":4,"minecraft:deepslate_gold_ore":10,"minecraft:oak_planks":2,"minecraft:wall_torch":2,"ars_nouveau:archwood_planks":4,"minecraft:wheat":2,"minecraft:birch_leaves":1,"gobber2:gobber2_lucky_block_deepslate":4,"minecraft:grass":32,"minecraft:oak_log":25,"minecraft:coal_ore":13,"minecraft:gravel":4,"minecraft:dripstone_block":3,"minecraft:dirt":3,"minecraft:cobweb":4,"minecraft:deepslate":52,"minecraft:fern":2},"minecraft:picked_up":{"minecraft:wooden_axe":1,"minecraft:crafting_table":2,"minecraft:iron_chestplate":2,"minecraft:wheat":8,"minecraft:chainmail_boots":1,"minecraft:anvil":1,"minecraft:leather_leggings":1,"minecraft:lead":1,"ars_nouveau:archwood_planks":24,"minecraft:string":8,"minecraft:iron_axe":2,"minecraft:iron_leggings":1,"minecraft:cracked_stone_bricks":1,"minecraft:cobbled_deepslate":45,"ars_elemental:earth_caster_tome":2,"minecraft:oak_boat":4,"minecraft:player_head":2,"minecraft:iron_pickaxe":1,"minecraft:iron_boots":2,"minecraft:egg":3,"minecraft:stick":6,"minecraft:raw_iron":43,"apotheosis:gem":1,"minecraft:oak_door":1,"minecraft:oak_fence":1,"minecraft:torch":5,"minecraft:green_bed":1,"minecraft:porkchop":1,"minecraft:diorite":1,"minecraft:carrot":1,"minecraft:golden_chestplate":1,"minecraft:tnt":1,"ars_nouveau:green_archwood_log":11,"gobber2:gobber2_foo":1,"minecraft:orange_bed":3,"minecraft:rotten_flesh":8,"minecraft:arrow":4,"minecraft:hay_block":52,"ars_nouveau:imbuement_chamber":1,"sophisticatedbackpacks:copper_backpack":1,"minecraft:cobblestone":51,"minecraft:rail":1,"minecraft:feather":5,"minecraft:andesite":29,"minecraft:tuff":8,"minecraft:oak_log":23,"minecraft:chainmail_chestplate":1,"minecraft:gunpowder":2,"minecraft:dirt":14,"tombstone:gift":1,"artifacts:shock_pendant":1,"minecraft:bone":21,"minecraft:wheat_seeds":13,"minecraft:raw_gold":20,"minecraft:iron_ingot":12,"minecraft:cobweb":1,"gobber2:gobber2_globette":3,"minecraft:iron_sword":1,"minecraft:oak_planks":2,"gobber2:gobber2_gooey_bread":7,"minecraft:dripstone_block":2,"minecraft:gravel":3,"minecraft:cyan_bed":3,"minecraft:mossy_cobblestone":4,"ars_nouveau:wilden_spike":2,"minecraft:diamond":9,"artifacts:golden_hook":1,"tombstone:scroll_of_knowledge":1,"minecraft:iron_helmet":1,"minecraft:bread":3,"tombstone:magic_scroll":1,"gobber2:gobber2_goo":2,"minecraft:coal":13},"minecraft:used":{"minecraft:trident":5,"gobber2:gobber2_goo":2,"mowziesmobs:umvuthana_mask_fear":1,"minecraft:silverfish_spawn_egg":1,"gobber2:gobber2_gooey_bread":4,"minecraft:iron_sword":64,"minecraft:stone_hoe":56,"minecraft:rotten_flesh":1,"minecraft:iron_chestplate":1,"minecraft:orange_bed":2,"minecraft:torch":3,"minecraft:dirt":4,"minecraft:anvil":3,"minecraft:carrot":2,"minecraft:axolotl_bucket":13,"minecraft:wooden_axe":44,"ars_nouveau:frostaya_pod":2,"mowziesmobs:umvuthana_mask_faith":3,"minecraft:iron_axe":119,"minecraft:iron_helmet":1,"ars_nouveau:imbuement_chamber":1,"mowziesmobs:umvuthana_mask_rage":1,"minecraft:furnace":2,"tombstone:gift":6,"minecraft:egg":2,"minecraft:cobbled_deepslate":17,"tombstone:scroll_of_knowledge":1,"minecraft:water_bucket":43,"minecraft:stone_pickaxe":25,"minecraft:wooden_pickaxe":18,"minecraft:green_bed":1,"minecraft:golden_apple":1,"minecraft:glow_berries":25,"minecraft:mossy_cobblestone":1,"minecraft:tnt":1,"minecraft:crafting_table":12,"ars_nouveau:archwood_planks":4,"minecraft:cave_spider_spawn_egg":1,"minecraft:dripstone_block":1,"minecraft:cake":1,"minecraft:diamond_pickaxe":12,"minecraft:bread":14,"minecraft:cyan_bed":3,"minecraft:iron_pickaxe":154,"minecraft:gravel":4,"minecraft:cobblestone":19,"minecraft:cooked_porkchop":1,"minecraft:andesite":3,"minecraft:bucket":58,"minecraft:pumpkin_pie":3,"minecraft:oak_boat":5,"minecraft:cobweb":6}},"DataVersion":3465}