{"stats":{"minecraft:dropped":{"minecraft:porkchop":1,"minecraft:diamond":13,"minecraft:ender_pearl":12,"minecraft:cooked_porkchop":2,"minecraft:cookie":4,"minecraft:glow_berries":2,"minecraft:jungle_planks":32,"minecraft:cracked_stone_bricks":2,"minecraft:saddle":1,"artifacts:flippers":1,"minecraft:rail":1,"minecraft:leather_helmet":1,"ars_nouveau:imbuement_chamber":1,"minecraft:dirt":25,"minecraft:amethyst_shard":28,"minecraft:sand":29,"gobber2:gobber2_gooey_bread":2,"minecraft:white_wool":1,"artifacts:cowboy_hat":1,"minecraft:gold_ingot":9,"minecraft:bone":16,"minecraft:golden_chestplate":1,"minecraft:iron_nugget":39,"ars_nouveau:wilden_spike":2,"minecraft:cobbled_deepslate":644,"minecraft:wheat":1,"minecraft:rotten_flesh":57,"minecraft:oak_planks":8,"minecraft:honey_bottle":1,"gobber2:gobber2_staff_ensnarement":2,"waystones:warp_stone":2,"minecraft:leather_chestplate":1,"minecraft:gunpowder":2,"minecraft:glowstone":14,"minecraft:chainmail_boots":1,"minecraft:iron_bars":2,"minecraft:arrow":7,"minecraft:glass":4,"minecraft:netherrack":1805,"minecraft:enchanted_book":3,"minecraft:iron_ingot":18,"minecraft:bread":67,"minecraft:oak_slab":3,"minecraft:wheat_seeds":169,"minecraft:golden_helmet":1,"minecraft:copper_block":11,"minecraft:mossy_cobblestone":4,"minecraft:diamond_leggings":1,"minecraft:iron_helmet":1,"minecraft:cobblestone":360,"minecraft:granite":59,"minecraft:grass_block":1,"minecraft:coal":42,"minecraft:stick":392,"minecraft:iron_block":1,"minecraft:diorite":3,"minecraft:nether_gold_ore":6,"minecraft:torch":2,"tombstone:grave_key":1,"minecraft:diamond_helmet":1,"minecraft:potion":1,"minecraft:iron_leggings":2,"minecraft:smooth_stone":1,"minecraft:string":3,"minecraft:soul_soil":5,"minecraft:player_head":2,"minecraft:nether_wart":6,"minecraft:deepslate":984,"ars_nouveau:archwood_planks":187,"minecraft:tuff":46,"minecraft:diamond_hoe":1,"minecraft:raw_iron":5,"minecraft:experience_bottle":4,"gobber2:gobber2_ore_deepslate":4,"minecraft:iron_boots":1,"minecraft:stripped_oak_log":1,"artifacts:golden_hook":1,"minecraft:nether_bricks":8,"arphex:roach_nymph":3,"minecraft:deepslate_bricks":64,"gobber2:gobber2_globette":6,"minecraft:diamond_sword":1,"minecraft:stone":11,"minecraft:iron_chestplate":4,"minecraft:andesite":43,"minecraft:stone_bricks":4,"minecraft:slime_ball":447,"minecraft:raw_gold":1,"waystones:waystone":2,"artifacts:snowshoes":1},"minecraft:crafted":{"minecraft:smooth_stone":3,"minecraft:oak_planks":128,"ars_nouveau:archwood_planks":612,"gobber2:gobber2_leggings":1,"minecraft:blaze_powder":28,"waystones:waystone":1,"minecraft:stone":9,"minecraft:bookshelf":8,"minecraft:glass":60,"minecraft:chest":19,"minecraft:stone_hoe":1,"minecraft:ender_eye":13,"minecraft:stone_bricks":52,"minecraft:glass_bottle":3,"minecraft:oak_slab":30,"minecraft:emerald":123,"gobber2:gobber2_ingot":54,"gobber2:gobber2_ingot_nether":12,"gobber2:gobber2_glob_nether":10,"minecraft:crafting_table":13,"minecraft:wooden_pickaxe":1,"minecraft:iron_helmet":1,"minecraft:clock":7,"minecraft:fletching_table":1,"waystones:warp_stone":7,"gobber2:gobber2_medallion_nether":1,"minecraft:iron_chestplate":2,"minecraft:diamond_pickaxe":1,"sophisticatedbackpacks:diamond_backpack":2,"minecraft:stick":2608,"minecraft:iron_ingot":36,"minecraft:iron_pickaxe":1,"minecraft:iron_block":3,"minecraft:gold_ingot":32,"minecraft:deepslate_bricks":72,"minecraft:jungle_sign":3,"minecraft:coal":1,"minecraft:iron_nugget":18,"minecraft:experience_bottle":4,"minecraft:furnace":2,"ars_nouveau:archwood_slab":6,"minecraft:flint_and_steel":1,"gobber2:gobber2_helmet":1,"gobber2:gobber2_glob":20,"minecraft:lantern":9,"minecraft:polished_deepslate":72,"minecraft:iron_axe":1,"minecraft:netherite_scrap":5,"minecraft:wheat":468,"minecraft:sugar":14,"sophisticatedbackpacks:gold_backpack":2,"minecraft:bucket":2,"minecraft:enchanted_book":32,"minecraft:air":0,"minecraft:bread":183,"minecraft:jungle_planks":932,"minecraft:oak_boat":1,"minecraft:golden_apple":3,"minecraft:flint":64,"minecraft:gunpowder":14,"minecraft:fermented_spider_eye":14,"minecraft:wooden_axe":2,"minecraft:iron_leggings":2,"minecraft:anvil":1},"minecraft:picked_up":{"minecraft:wooden_axe":1,"minecraft:iron_chestplate":4,"minecraft:wheat":87,"arphex:roach_nymph":1,"minecraft:chainmail_boots":1,"minecraft:anvil":6,"minecraft:lead":1,"minecraft:diamond_sword":3,"minecraft:amethyst_block":12,"minecraft:string":37,"minecraft:soul_soil":21,"arphex:necrotic_fang":1,"waystones:warp_plate":1,"minecraft:iron_leggings":2,"minecraft:armor_stand":1,"minecraft:experience_bottle":4,"minecraft:oak_sign":1,"gobber2:gobber2_ore_deepslate":25,"minecraft:smooth_stone":1,"minecraft:gold_nugget":22,"minecraft:cobbled_deepslate":1363,"ars_elemental:earth_caster_tome":2,"minecraft:iron_pickaxe":3,"minecraft:deepslate_iron_ore":6,"minecraft:iron_boots":4,"minecraft:tipped_arrow":1,"minecraft:golden_helmet":1,"minecraft:stick":6,"apotheosis:gem":7,"minecraft:oak_fence":1,"minecraft:torch":19,"minecraft:green_bed":1,"arphex:maggot_grub":1,"minecraft:porkchop":1,"tombstone:grave_dust":3,"minecraft:diorite":75,"minecraft:golden_chestplate":1,"gobber2:gobber2_foo":5,"minecraft:orange_bed":3,"minecraft:nether_gold_ore":12,"minecraft:honey_bottle":1,"minecraft:rotten_flesh":86,"artifacts:villager_hat":1,"ars_nouveau:imbuement_chamber":1,"minecraft:glowstone":14,"minecraft:bookshelf":28,"artifacts:panic_necklace":2,"minecraft:blaze_rod":14,"minecraft:obsidian":25,"minecraft:iron_bars":4,"minecraft:cobblestone":690,"minecraft:enchanting_table":1,"minecraft:magma_block":1,"minecraft:leather_chestplate":1,"minecraft:feather":66,"minecraft:cooked_beef":2,"minecraft:jungle_log":121,"minecraft:andesite":67,"minecraft:flint":8,"minecraft:tuff":190,"gobber2:gobber2_gooey_bread_nether":3,"simplyswords:gobber_compat/gobber_nether/gobber_nether_claymore":1,"minecraft:dirt":78,"artifacts:flippers":1,"gobber2:gobber2_ore_nether":12,"minecraft:name_tag":1,"artifacts:shock_pendant":1,"gobber2:gobber2_helmet":1,"minecraft:leather_boots":1,"minecraft:glass":4,"minecraft:bone":50,"minecraft:bow":2,"minecraft:stonecutter":1,"gobber2:gobber2_gooey_beef":3,"minecraft:wheat_seeds":260,"minecraft:raw_gold":40,"minecraft:grindstone":1,"gobber2:gobber2_globette":6,"minecraft:oak_planks":10,"gobber2:gobber2_gooey_bread":13,"gobber2:gobber2_rod_nether":8,"gobber2:gobber2_staff_ensnarement":4,"minecraft:sand":44,"minecraft:jungle_planks":64,"ars_elemental:yellow_archwood_log":10,"minecraft:grass_block":1,"minecraft:cyan_bed":3,"ars_nouveau:wilden_horn":5,"minecraft:mossy_cobblestone":10,"minecraft:iron_hoe":1,"minecraft:deepslate":1425,"artifacts:golden_hook":1,"minecraft:diamond":53,"waystones:waystone":2,"minecraft:deepslate_gold_ore":1,"minecraft:cracked_polished_blackstone_bricks":13,"minecraft:granite":151,"minecraft:chainmail_helmet":2,"minecraft:bread":42,"minecraft:netherrack":3112,"gobber2:gobber2_goo":10,"minecraft:crafting_table":3,"minecraft:nether_wart":3,"minecraft:leather_leggings":1,"minecraft:brown_mushroom":18,"waystones:sharestone":4,"minecraft:shield":1,"ars_nouveau:archwood_planks":24,"minecraft:iron_axe":3,"minecraft:iron_shovel":2,"minecraft:blackstone":80,"minecraft:cracked_stone_bricks":3,"minecraft:deepslate_diamond_ore":7,"minecraft:oak_boat":4,"minecraft:player_head":2,"minecraft:iron_nugget":35,"minecraft:lectern":226,"minecraft:sugar_cane":14,"minecraft:egg":4,"minecraft:raw_iron":60,"ars_nouveau:purple_archwood_log":32,"minecraft:stone":114,"minecraft:oak_door":1,"minecraft:copper_ingot":24,"ars_nouveau:purple_archwood_sapling":2,"minecraft:polished_blackstone_bricks":17,"minecraft:cookie":5,"minecraft:carrot":1,"minecraft:redstone":78,"botania:black_lotus":1,"ars_nouveau:green_archwood_log":11,"mowziesmobs:umvuthana_mask_faith":3,"minecraft:tnt":1,"gobber2:gobber2_globette_nether":14,"minecraft:arrow":38,"artifacts:cowboy_hat":2,"gobber2:gobber2_gooey_beef_nether":9,"minecraft:nether_bricks":9,"artifacts:snowshoes":1,"minecraft:hay_block":52,"artifacts:running_shoes":1,"mowziesmobs:umvuthana_mask_bliss":1,"minecraft:gold_ingot":40,"tombstone:essence_of_undeath":1,"sophisticatedbackpacks:copper_backpack":1,"minecraft:rail":2,"minecraft:stripped_oak_log":1,"minecraft:basalt":2,"minecraft:leather":2,"gobber2:gobber2_gooey_beefstew":3,"artifacts:onion_ring":1,"minecraft:oak_log":29,"minecraft:chainmail_chestplate":1,"minecraft:ancient_debris":3,"minecraft:gunpowder":2,"artifacts:cloud_in_a_bottle":1,"tombstone:gift":1,"minecraft:spawner":20,"minecraft:stone_bricks":4,"mowziesmobs:umvuthana_mask_rage":1,"minecraft:iron_ingot":46,"minecraft:cobweb":1,"gobber2:gobber2_gooey_beefstew_nether":2,"artifacts:steadfast_spikes":2,"minecraft:iron_sword":5,"minecraft:soul_sand":15,"gobber2:gobber2_hammer":1,"minecraft:book":36,"minecraft:oak_slab":2,"minecraft:nether_quartz_ore":49,"minecraft:quartz":32,"minecraft:dripstone_block":2,"minecraft:gravel":127,"ars_nouveau:bastion_pod":3,"minecraft:amethyst_shard":100,"waystones:attuned_shard":1,"minecraft:white_bed":2,"minecraft:spider_eye":4,"minecraft:leather_helmet":2,"ars_nouveau:wilden_spike":2,"minecraft:coal_ore":5,"minecraft:slime_ball":437,"tombstone:scroll_of_knowledge":1,"minecraft:chainmail_leggings":1,"minecraft:iron_helmet":2,"minecraft:deepslate_redstone_ore":3,"tombstone:magic_scroll":2,"minecraft:coal":60,"gobber2:gobber2_goo_nether":8,"minecraft:ender_pearl":72},"minecraft:mined":{"minecraft:large_amethyst_bud":4,"minecraft:white_bed":2,"minecraft:farmland":2,"minecraft:cave_vines_plant":1,"minecraft:budding_amethyst":4,"minecraft:acacia_log":1,"minecraft:granite":5,"minecraft:grass_block":8,"gobber2:gobber2_ore_deepslate":15,"gobber2:gobber2_lucky_block":4,"minecraft:cracked_polished_blackstone_bricks":2,"minecraft:soul_soil":24,"minecraft:nether_wart":1,"minecraft:spawner":17,"minecraft:polished_blackstone_bricks":3,"minecraft:glowstone":11,"minecraft:iron_ore":7,"minecraft:fire":20,"minecraft:cobbled_deepslate":30,"gobber2:gobber2_ore_nether":4,"minecraft:anvil":2,"minecraft:enchanting_table":1,"minecraft:dirt_path":3,"minecraft:oak_sign":1,"minecraft:iron_bars":2,"minecraft:orange_bed":3,"minecraft:green_bed":1,"minecraft:brown_mushroom":4,"minecraft:blackstone":6,"minecraft:soul_fire":8,"minecraft:amethyst_cluster":22,"minecraft:torch":8,"gobber2:gobber2_lucky_block_nether":8,"minecraft:nether_quartz_ore":10,"minecraft:glass":2,"minecraft:cobblestone":26,"minecraft:cyan_bed":4,"minecraft:oak_planks":2,"minecraft:grindstone":1,"minecraft:sugar_cane":6,"minecraft:wall_torch":3,"minecraft:amethyst_block":2,"ars_nouveau:archwood_planks":4,"minecraft:wheat":66,"minecraft:grass":50,"minecraft:oak_log":31,"minecraft:sand":39,"minecraft:dirt":59,"minecraft:stonecutter":1,"minecraft:netherrack":503,"minecraft:deepslate":346,"minecraft:tuff":40,"minecraft:mossy_cobblestone":1,"minecraft:deepslate_diamond_ore":27,"minecraft:glow_lichen":1,"minecraft:nether_bricks":9,"minecraft:hay_block":52,"minecraft:andesite":27,"minecraft:bookshelf":8,"minecraft:vine":6,"minecraft:deepslate_iron_ore":29,"minecraft:rail":2,"minecraft:stripped_oak_log":1,"minecraft:stone":77,"ars_nouveau:purple_archwood_log":70,"minecraft:oak_slab":1,"minecraft:soul_sand":16,"minecraft:basalt":1,"minecraft:oak_fence":1,"minecraft:crafting_table":2,"minecraft:lectern":226,"minecraft:tall_grass":11,"minecraft:deepslate_gold_ore":27,"ars_elemental:yellow_archwood_log":10,"minecraft:diorite":10,"minecraft:birch_leaves":1,"gobber2:gobber2_lucky_block_deepslate":14,"minecraft:yellow_bed":1,"minecraft:coal_ore":25,"minecraft:gravel":134,"minecraft:dripstone_block":3,"minecraft:cobweb":15,"minecraft:stone_bricks":2,"minecraft:fern":2},"minecraft:used":{"gobber2:gobber2_goo":7,"minecraft:iron_shovel":45,"mowziesmobs:umvuthana_mask_fear":2,"minecraft:diamond_hoe":37,"minecraft:oak_sign":4,"gobber2:gobber2_gooey_bread":11,"minecraft:chest":11,"minecraft:stone":5,"minecraft:iron_sword":191,"minecraft:rotten_flesh":1,"minecraft:iron_chestplate":1,"gobber2:gobber2_goo_nether":8,"mowziesmobs:umvuthana_mask_bliss":2,"minecraft:soul_sand":6,"minecraft:nether_bricks":1,"minecraft:carrot":22,"minecraft:tuff":52,"minecraft:axolotl_bucket":29,"minecraft:obsidian":10,"minecraft:glass":11,"mowziesmobs:umvuthana_mask_faith":4,"waystones:sharestone":6,"simplyswords:gobber_compat/gobber_nether/gobber_nether_greathammer":18,"minecraft:iron_helmet":3,"gobber2:gobber2_hammer":1015,"minecraft:slime_spawn_egg":3,"minecraft:deepslate_diamond_ore":7,"mowziesmobs:umvuthana_mask_rage":1,"minecraft:bow":4,"ars_nouveau:sourceberry_bush":3,"minecraft:furnace":2,"minecraft:egg":4,"simplyswords:gobber_compat/gobber_nether/gobber_nether_claymore":340,"minecraft:diorite":10,"minecraft:stone_pickaxe":25,"minecraft:ender_pearl":1,"minecraft:wooden_pickaxe":18,"minecraft:diamond_axe":93,"minecraft:cookie":1,"minecraft:glow_berries":30,"minecraft:golden_apple":3,"ars_nouveau:archwood_planks":4,"minecraft:dripstone_block":1,"minecraft:cave_spider_spawn_egg":1,"gobber2:gobber2_gooey_bread_nether":3,"waystones:waystone":1,"minecraft:enderman_spawn_egg":3,"gobber2:gobber2_gooey_beefstew":3,"minecraft:bread":133,"minecraft:cyan_bed":3,"minecraft:lectern":228,"tombstone:grave_key":26,"minecraft:deepslate":295,"minecraft:gravel":4,"minecraft:jungle_sign":3,"minecraft:diamond_sword":178,"minecraft:fire_charge":3,"arphex:roach_nymph":1,"minecraft:grindstone":1,"minecraft:andesite":3,"minecraft:oak_boat":5,"minecraft:cobweb":6,"minecraft:trident":5,"minecraft:enchanting_table":2,"minecraft:flint_and_steel":7,"minecraft:armor_stand":2,"minecraft:silverfish_spawn_egg":1,"minecraft:ender_chest":1,"minecraft:deepslate_gold_ore":1,"minecraft:stone_hoe":56,"ars_nouveau:archwood_slab":6,"minecraft:netherrack":183,"minecraft:orange_bed":2,"minecraft:torch":11,"gobber2:gobber2_ore_nether":6,"minecraft:dirt":44,"minecraft:anvil":5,"ars_nouveau:bastion_pod":5,"minecraft:wooden_axe":44,"minecraft:bookshelf":29,"ars_nouveau:frostaya_pod":2,"minecraft:iron_axe":381,"minecraft:spawner":3,"ars_nouveau:imbuement_chamber":1,"minecraft:iron_boots":1,"gobber2:gobber2_gooey_beef":3,"gobber2:gobber2_staff_ensnarement":61,"waystones:warp_plate":1,"minecraft:soul_soil":7,"tombstone:gift":9,"minecraft:cobbled_deepslate":321,"minecraft:wheat_seeds":78,"minecraft:water_bucket":59,"tombstone:scroll_of_knowledge":1,"minecraft:glass_bottle":8,"minecraft:fletching_table":1,"minecraft:green_bed":1,"minecraft:deepslate_bricks":1,"minecraft:polished_blackstone_bricks":17,"minecraft:mossy_cobblestone":1,"minecraft:tnt":5,"minecraft:crafting_table":14,"minecraft:oak_slab":21,"minecraft:white_bed":2,"minecraft:cake":1,"minecraft:ender_eye":6,"minecraft:diamond_pickaxe":92,"minecraft:apple":3,"minecraft:diamond_shovel":226,"minecraft:cracked_polished_blackstone_bricks":13,"minecraft:iron_pickaxe":212,"minecraft:leather_helmet":1,"gobber2:gobber2_gooey_beefstew_nether":2,"minecraft:cobblestone":151,"minecraft:cooked_porkchop":1,"minecraft:bucket":90,"minecraft:pumpkin_pie":7,"minecraft:splash_potion":3,"gobber2:gobber2_gooey_beef_nether":9},"minecraft:killed":{"arphex:mosquito_morbidity":1,"minecraft:cave_spider":4,"minecraft:zombified_piglin":1,"minecraft:spider":8,"minecraft:skeleton":11,"mowziesmobs:umvuthana_crane":18,"artifacts:mimic":12,"minecraft:piglin":1,"arphex:spider_larvae_tiny":2,"minecraft:pig":1,"minecraft:zombie_villager":2,"minecraft:iron_golem":1,"minecraft:creeper":3,"arphex:centipede_evictor_larvae":3,"minecraft:pillager":1,"minecraft:zombie":22,"minecraft:stray":2,"minecraft:blaze":7,"minecraft:cow":1,"minecraft:slime":162,"arphex:scorpion_larvae":1,"mowziesmobs:umvuthana":15,"minecraft:husk":3,"majruszsdifficulty:cursed_armor":4,"arphex:fly_festerer":1,"minecraft:wither_skeleton":1,"minecraft:villager":2,"minecraft:enderman":11},"minecraft:killed_by":{"arphex:scorpion_striker":3,"minecraft:zombie_villager":2,"minecraft:wither_skeleton":1,"minecraft:creeper":5,"mowziesmobs:umvuthi":3,"minecraft:vindicator":1,"arphex:spider_moth":1,"mowziesmobs:umvuthana":1,"minecraft:blaze":1,"artifacts:mimic":1,"minecraft:zombie":7,"majruszsdifficulty:cursed_armor":6,"minecraft:husk":4,"minecraft:player":15,"minecraft:stray":1,"minecraft:enderman":2,"minecraft:iron_golem":3,"arphex:hornet_harbinger":1,"minecraft:slime":1,"apollyon:the_damned":1,"arphex:spider_funnel":1,"minecraft:skeleton":11},"minecraft:broken":{"mowziesmobs:umvuthana_mask_fear":1,"minecraft:leather_leggings":1,"minecraft:iron_boots":1,"minecraft:iron_chestplate":1,"minecraft:iron_leggings":1,"mowziesmobs:umvuthana_mask_rage":1,"minecraft:wooden_axe":1,"minecraft:leather_helmet":1,"minecraft:iron_axe":1},"minecraft:custom":{"lootr:looted_stat":75,"minecraft:interact_with_crafting_table":120,"goblintraders:trade_with_goblin":60,"minecraft:eat_cake_slice":9,"minecraft:leave_game":17,"minecraft:time_since_death":696,"minecraft:damage_resisted":2,"minecraft:sprint_one_cm":2782575,"minecraft:drop":270,"minecraft:talked_to_villager":508,"minecraft:play_time":743374,"minecraft:deaths":124,"minecraft:interact_with_brewingstand":13,"minecraft:jump":14491,"minecraft:walk_on_water_one_cm":88798,"minecraft:enchant_item":9,"minecraft:interact_with_furnace":119,"minecraft:traded_with_villager":183,"minecraft:interact_with_cartography_table":1,"minecraft:sleep_in_bed":8,"minecraft:waystone_activated":3,"minecraft:open_enderchest":2,"tombstone:sneak_grave":1,"minecraft:damage_dealt":51847,"minecraft:player_kills":3,"minecraft:crouch_one_cm":115564,"tombstone:undead_killed":42,"tombstone:villager_killed":2,"minecraft:horse_one_cm":79404,"minecraft:interact_with_anvil":21,"minecraft:mob_kills":318,"minecraft:damage_dealt_resisted":1131,"minecraft:climb_one_cm":4359,"minecraft:walk_one_cm":1287651,"minecraft:sneak_time":32729,"minecraft:walk_under_water_one_cm":21759,"minecraft:boat_one_cm":25741,"minecraft:interact_with_blast_furnace":8,"minecraft:total_world_time":743374,"tombstone:raider_killed":3,"minecraft:interact_with_grindstone":10,"minecraft:time_since_rest":683,"minecraft:damage_taken":36991,"minecraft:damage_absorbed":1187,"minecraft:swim_one_cm":41429,"minecraft:fly_one_cm":3271819,"minecraft:open_chest":386,"minecraft:fall_one_cm":431917}},"DataVersion":3465}