{"stats":{"minecraft:custom":{"minecraft:interact_with_furnace":23,"lootr:looted_stat":6,"minecraft:mob_kills":23,"minecraft:interact_with_crafting_table":23,"minecraft:damage_dealt_resisted":0,"minecraft:leave_game":7,"minecraft:time_since_death":81833,"minecraft:sleep_in_bed":9,"minecraft:climb_one_cm":3554,"minecraft:waystone_activated":1,"minecraft:time_since_rest":12774,"minecraft:sprint_one_cm":276451,"minecraft:damage_taken":1536,"minecraft:walk_one_cm":159550,"minecraft:drop":28,"minecraft:damage_dealt":2780,"minecraft:swim_one_cm":4782,"minecraft:fly_one_cm":361282,"minecraft:open_chest":4,"minecraft:crouch_one_cm":24,"minecraft:play_time":100441,"minecraft:deaths":2,"minecraft:sneak_time":75,"minecraft:walk_under_water_one_cm":526,"minecraft:jump":1640,"minecraft:walk_on_water_one_cm":1905,"minecraft:total_world_time":100441,"minecraft:fall_one_cm":47771},"minecraft:killed":{"minecraft:pig":8,"minecraft:sheep":4,"artifacts:mimic":1,"minecraft:cow":10},"minecraft:used":{"minecraft:cooked_mutton":1,"minecraft:trident":11,"minecraft:stone_pickaxe":178,"minecraft:oak_planks":30,"gobber2:gobber2_gooey_bread":1,"minecraft:chest":1,"minecraft:wooden_pickaxe":22,"minecraft:torch":19,"minecraft:dirt":3,"minecraft:mutton":4,"minecraft:crafting_table":11,"minecraft:white_bed":6,"minecraft:wooden_axe":54,"minecraft:apple":2,"gobber2:gobber2_gooey_beefstew":1,"minecraft:bread":9,"minecraft:melon_slice":2,"minecraft:iron_pickaxe":60,"minecraft:stone_axe":302,"minecraft:cobblestone":5,"minecraft:beef":9,"minecraft:furnace":1,"minecraft:oak_sapling":1,"minecraft:porkchop":6},"minecraft:killed_by":{"minecraft:iron_golem":2},"minecraft:mined":{"minecraft:white_bed":7,"ars_nouveau:green_archwood_log":59,"minecraft:potted_lily_of_the_valley":1,"minecraft:brewing_stand":2,"minecraft:crafting_table":7,"minecraft:granite":22,"minecraft:grass_block":3,"minecraft:melon":3,"gobber2:gobber2_lucky_block":9,"minecraft:copper_ore":9,"minecraft:tall_grass":9,"minecraft:sugar_cane":3,"minecraft:oak_planks":9,"minecraft:diorite":31,"minecraft:hay_block":14,"ars_nouveau:blue_archwood_log":57,"minecraft:iron_ore":9,"ars_nouveau:purple_archwood_leaves":3,"minecraft:birch_log":19,"minecraft:andesite":6,"minecraft:tnt":4,"minecraft:yellow_bed":1,"minecraft:smooth_stone_slab":1,"minecraft:grass":31,"minecraft:bookshelf":7,"ars_nouveau:red_archwood_log":58,"minecraft:oak_log":32,"minecraft:dirt_path":1,"minecraft:dirt":8,"minecraft:stonecutter":1,"minecraft:stone":165,"minecraft:oak_leaves":2,"ars_nouveau:purple_archwood_log":52},"minecraft:picked_up":{"minecraft:birch_log":18,"ars_nouveau:red_archwood_log":58,"minecraft:crafting_table":7,"minecraft:andesite":6,"minecraft:flower_pot":1,"gobber2:gobber2_gooey_beefstew":1,"minecraft:leather":6,"ars_nouveau:blue_archwood_sapling":5,"artifacts:onion_ring":3,"ars_nouveau:bombegranate_pod":6,"minecraft:oak_log":32,"minecraft:brewing_stand":2,"minecraft:yellow_bed":1,"minecraft:dirt":11,"minecraft:raw_copper":31,"minecraft:smooth_stone_slab":2,"minecraft:bone":2,"ars_nouveau:green_archwood_sapling":8,"minecraft:apple":3,"minecraft:stonecutter":1,"gobber2:gobber2_gooey_beef":1,"minecraft:wheat_seeds":5,"minecraft:beef":19,"minecraft:poppy":3,"minecraft:melon_slice":14,"minecraft:sugar_cane":9,"minecraft:birch_sapling":3,"minecraft:oak_planks":9,"gobber2:gobber2_gooey_bread":5,"minecraft:raw_iron":1,"minecraft:book":21,"minecraft:stick":37,"ars_nouveau:purple_archwood_log":51,"apotheosis:gem":4,"ars_nouveau:red_archwood_sapling":9,"ars_nouveau:blue_archwood_log":57,"ars_nouveau:purple_archwood_sapling":5,"minecraft:porkchop":13,"ars_nouveau:bastion_pod":3,"ars_nouveau:frostaya_pod":3,"minecraft:diorite":39,"minecraft:white_bed":7,"minecraft:lily_of_the_valley":1,"gobber2:gobber2_foo":1,"ars_nouveau:green_archwood_log":59,"minecraft:tnt":4,"minecraft:arrow":2,"minecraft:stone_axe":1,"waystones:waystone":1,"minecraft:hay_block":14,"minecraft:granite":20,"minecraft:oak_sapling":7,"minecraft:mutton":6,"gobber2:gobber2_goo":1,"minecraft:white_wool":4,"minecraft:cobblestone":190},"minecraft:crafted":{"minecraft:oak_planks":80,"minecraft:crafting_table":5,"minecraft:wooden_pickaxe":2,"minecraft:furnace":4,"minecraft:birch_planks":48,"minecraft:stone_axe":4,"minecraft:bread":41,"minecraft:cooked_mutton":1,"minecraft:air":0,"minecraft:charcoal":10,"minecraft:stick":24,"minecraft:iron_pickaxe":1,"minecraft:stone_pickaxe":5,"minecraft:wooden_axe":4,"minecraft:chest":1,"minecraft:white_bed":1,"minecraft:torch":48,"minecraft:wheat":126},"minecraft:dropped":{"minecraft:stone_axe":2,"minecraft:wheat_seeds":3,"minecraft:sugar_cane":9,"minecraft:wheat":1,"minecraft:dirt":3,"origins:orb_of_origin":1,"minecraft:flower_pot":1,"artifacts:onion_ring":3,"minecraft:oak_sapling":3,"minecraft:arrow":2,"minecraft:stone_pickaxe":1,"gobber2:gobber2_gooey_bread":3},"minecraft:broken":{"minecraft:stone_pickaxe":1}},"DataVersion":3465}