{"stats":{"minecraft:custom":{"minecraft:interact_with_furnace":4,"lootr:looted_stat":3,"minecraft:mob_kills":22,"minecraft:interact_with_crafting_table":11,"minecraft:damage_dealt_resisted":0,"minecraft:leave_game":7,"minecraft:time_since_death":57833,"minecraft:sleep_in_bed":4,"minecraft:climb_one_cm":3089,"minecraft:waystone_activated":1,"minecraft:time_since_rest":2801,"minecraft:sprint_one_cm":230233,"minecraft:damage_taken":1364,"minecraft:walk_one_cm":106615,"minecraft:drop":20,"minecraft:damage_dealt":2149,"minecraft:swim_one_cm":4004,"minecraft:fly_one_cm":335355,"minecraft:crouch_one_cm":23,"minecraft:play_time":76441,"minecraft:deaths":2,"minecraft:sneak_time":54,"minecraft:walk_under_water_one_cm":345,"minecraft:jump":1460,"minecraft:walk_on_water_one_cm":1812,"minecraft:total_world_time":76441,"minecraft:fall_one_cm":45016},"minecraft:killed":{"minecraft:pig":8,"minecraft:sheep":4,"minecraft:cow":10},"minecraft:used":{"minecraft:cooked_mutton":1,"minecraft:stone_pickaxe":7,"minecraft:oak_planks":22,"minecraft:wooden_pickaxe":22,"minecraft:dirt":3,"minecraft:mutton":4,"minecraft:crafting_table":9,"minecraft:white_bed":2,"minecraft:wooden_axe":44,"minecraft:apple":1,"gobber2:gobber2_gooey_beefstew":1,"minecraft:bread":7,"minecraft:melon_slice":2,"minecraft:iron_pickaxe":2,"minecraft:stone_axe":302,"minecraft:cobblestone":2,"minecraft:beef":9,"minecraft:oak_sapling":1,"minecraft:porkchop":6},"minecraft:killed_by":{"minecraft:iron_golem":2},"minecraft:mined":{"minecraft:white_bed":3,"ars_nouveau:green_archwood_log":59,"minecraft:potted_lily_of_the_valley":1,"minecraft:brewing_stand":2,"minecraft:crafting_table":7,"minecraft:grass_block":3,"minecraft:melon":3,"gobber2:gobber2_lucky_block":1,"minecraft:tall_grass":9,"minecraft:sugar_cane":3,"minecraft:oak_planks":6,"minecraft:hay_block":12,"ars_nouveau:blue_archwood_log":57,"ars_nouveau:purple_archwood_leaves":3,"minecraft:birch_log":19,"minecraft:tnt":4,"minecraft:yellow_bed":1,"minecraft:grass":30,"minecraft:bookshelf":7,"ars_nouveau:red_archwood_log":58,"minecraft:oak_log":32,"minecraft:dirt":5,"minecraft:stonecutter":1,"minecraft:stone":23,"minecraft:oak_leaves":2,"ars_nouveau:purple_archwood_log":52},"minecraft:picked_up":{"minecraft:birch_log":18,"ars_nouveau:red_archwood_log":58,"minecraft:crafting_table":7,"minecraft:flower_pot":1,"gobber2:gobber2_gooey_beefstew":1,"minecraft:leather":6,"ars_nouveau:blue_archwood_sapling":5,"ars_nouveau:bombegranate_pod":6,"minecraft:oak_log":32,"minecraft:brewing_stand":2,"minecraft:yellow_bed":1,"minecraft:dirt":7,"minecraft:bone":2,"ars_nouveau:green_archwood_sapling":8,"minecraft:apple":3,"minecraft:stonecutter":1,"minecraft:wheat_seeds":5,"minecraft:beef":19,"minecraft:poppy":3,"minecraft:melon_slice":14,"minecraft:sugar_cane":9,"minecraft:birch_sapling":3,"minecraft:oak_planks":6,"minecraft:book":21,"minecraft:stick":37,"ars_nouveau:purple_archwood_log":51,"apotheosis:gem":4,"ars_nouveau:red_archwood_sapling":9,"ars_nouveau:blue_archwood_log":57,"ars_nouveau:purple_archwood_sapling":5,"minecraft:porkchop":13,"ars_nouveau:bastion_pod":3,"ars_nouveau:frostaya_pod":3,"minecraft:white_bed":3,"minecraft:lily_of_the_valley":1,"ars_nouveau:green_archwood_log":59,"minecraft:tnt":4,"minecraft:arrow":2,"minecraft:stone_axe":1,"waystones:waystone":1,"minecraft:hay_block":12,"minecraft:oak_sapling":7,"minecraft:mutton":6,"minecraft:white_wool":4,"minecraft:cobblestone":22},"minecraft:crafted":{"minecraft:oak_planks":80,"minecraft:crafting_table":4,"minecraft:wooden_pickaxe":2,"minecraft:birch_planks":48,"minecraft:stone_axe":3,"minecraft:bread":21,"minecraft:cooked_mutton":1,"minecraft:air":0,"minecraft:stick":16,"minecraft:iron_pickaxe":1,"minecraft:stone_pickaxe":2,"minecraft:wooden_axe":4,"minecraft:white_bed":1,"minecraft:wheat":108},"minecraft:dropped":{"minecraft:stone_axe":1,"minecraft:wheat_seeds":3,"minecraft:sugar_cane":9,"minecraft:wheat":1,"minecraft:dirt":3,"origins:orb_of_origin":1,"minecraft:flower_pot":1,"minecraft:oak_sapling":3,"minecraft:arrow":2}},"DataVersion":3465}