{"stats":{"minecraft:custom":{"lootr:looted_stat":19,"minecraft:mob_kills":40,"minecraft:interact_with_crafting_table":34,"minecraft:damage_dealt_resisted":58,"minecraft:leave_game":8,"minecraft:time_since_death":179813,"minecraft:climb_one_cm":4190,"minecraft:sprint_one_cm":677174,"minecraft:walk_one_cm":307091,"minecraft:drop":54,"minecraft:play_time":198421,"minecraft:deaths":2,"minecraft:sneak_time":270,"minecraft:walk_under_water_one_cm":942,"minecraft:boat_one_cm":169920,"minecraft:jump":2778,"minecraft:walk_on_water_one_cm":2877,"minecraft:total_world_time":198421,"minecraft:interact_with_furnace":34,"tombstone:raider_killed":5,"minecraft:raid_trigger":1,"minecraft:sleep_in_bed":16,"minecraft:time_since_rest":118,"minecraft:waystone_activated":2,"minecraft:damage_taken":2273,"minecraft:damage_dealt":6566,"minecraft:swim_one_cm":7194,"minecraft:fly_one_cm":720768,"minecraft:open_chest":16,"minecraft:crouch_one_cm":305,"tombstone:undead_killed":3,"minecraft:fall_one_cm":86987,"minecraft:horse_one_cm":823237},"minecraft:crafted":{"minecraft:oak_planks":112,"ars_nouveau:archwood_planks":124,"minecraft:furnace":4,"minecraft:cooked_mutton":1,"minecraft:stone_pickaxe":5,"minecraft:chest":3,"minecraft:wheat":126,"minecraft:crafting_table":10,"minecraft:wooden_pickaxe":2,"minecraft:bucket":1,"minecraft:birch_planks":48,"minecraft:stone_axe":5,"minecraft:bread":41,"minecraft:air":0,"minecraft:oak_boat":2,"minecraft:charcoal":10,"minecraft:stick":40,"minecraft:iron_ingot":14,"minecraft:iron_pickaxe":1,"minecraft:wooden_axe":4,"minecraft:white_bed":2,"minecraft:torch":96},"minecraft:broken":{"minecraft:stone_pickaxe":1,"minecraft:wooden_axe":1},"minecraft:used":{"minecraft:trident":58,"minecraft:iron_shovel":9,"gobber2:gobber2_gooey_bread":5,"minecraft:chest":3,"minecraft:torch":55,"minecraft:dirt":3,"minecraft:mutton":4,"minecraft:wooden_axe":102,"minecraft:iron_axe":52,"minecraft:beef":9,"minecraft:furnace":1,"minecraft:oak_sapling":1,"minecraft:cooked_mutton":1,"minecraft:water_bucket":1,"tombstone:scroll_of_knowledge":1,"minecraft:bundle":4,"minecraft:stone_pickaxe":179,"minecraft:oak_planks":30,"minecraft:wooden_pickaxe":22,"minecraft:crafting_table":16,"minecraft:white_bed":12,"tombstone:bag_of_seeds":2,"minecraft:apple":2,"ars_elemental:flashpine_pod":2,"gobber2:gobber2_gooey_beefstew":3,"minecraft:melon_slice":2,"minecraft:bread":33,"minecraft:iron_pickaxe":245,"minecraft:stone_axe":411,"minecraft:cobblestone":86,"minecraft:porkchop":6,"minecraft:bucket":3,"minecraft:oak_boat":2},"minecraft:dropped":{"tombstone:scroll_of_reach":1,"minecraft:iron_ingot":1,"minecraft:wheat_seeds":3,"gobber2:gobber2_foo":2,"ars_elemental:yellow_archwood_sapling":10,"minecraft:cobblestone":64,"minecraft:book":21,"minecraft:granite":14,"ars_nouveau:purple_archwood_log":44,"minecraft:dirt":3,"tombstone:bag_of_seeds":1,"origins:orb_of_origin":1,"ars_nouveau:wilden_horn":6,"gobber2:gobber2_gooey_bread":3,"ars_nouveau:wilden_wing":4,"minecraft:gold_ingot":1,"minecraft:stone_axe":2,"minecraft:sugar_cane":9,"minecraft:raw_copper":44,"ars_nouveau:purple_archwood_sapling":5,"ars_nouveau:archwood_planks":4,"minecraft:wheat":1,"minecraft:raw_iron":1,"ars_elemental:yellow_archwood_log":4,"minecraft:oak_planks":1,"minecraft:name_tag":2,"ars_nouveau:sourceberry_bush":3,"minecraft:flower_pot":1,"apotheosis:gem":2,"minecraft:oak_sapling":3,"artifacts:onion_ring":3,"minecraft:arrow":2,"minecraft:stone_pickaxe":1},"minecraft:picked_up":{"ars_nouveau:red_archwood_log":58,"minecraft:crafting_table":7,"minecraft:flower_pot":10,"ars_nouveau:blue_archwood_sapling":5,"ars_nouveau:bombegranate_pod":6,"minecraft:brewing_stand":2,"minecraft:cornflower":2,"ars_nouveau:archwood_planks":4,"minecraft:soul_soil":1,"minecraft:raw_copper":88,"minecraft:smooth_stone_slab":2,"artifacts:feral_claws":1,"minecraft:cracked_stone_bricks":2,"minecraft:spruce_planks":4,"minecraft:beef":19,"minecraft:oak_boat":2,"minecraft:poppy":3,"minecraft:melon_slice":14,"minecraft:sugar_cane":9,"ars_elemental:flashpine_pod":3,"minecraft:birch_sapling":3,"minecraft:furnace":1,"ars_nouveau:purple_archwood_log":140,"apotheosis:gem":22,"minecraft:stick":52,"minecraft:raw_iron":15,"minecraft:torch":6,"ars_nouveau:blue_archwood_log":57,"ars_nouveau:purple_archwood_sapling":15,"minecraft:porkchop":13,"ars_nouveau:frostaya_pod":3,"minecraft:diorite":43,"ars_nouveau:green_archwood_log":59,"gobber2:gobber2_foo":4,"minecraft:tnt":23,"minecraft:arrow":5,"minecraft:hay_block":14,"artifacts:running_shoes":1,"minecraft:gold_ingot":1,"ars_nouveau:sourceberry_bush":6,"minecraft:mutton":12,"minecraft:cobblestone":359,"minecraft:white_wool":7,"minecraft:birch_log":18,"minecraft:andesite":8,"gobber2:gobber2_gooey_beefstew":3,"minecraft:leather":6,"ars_nouveau:wilden_wing":6,"artifacts:onion_ring":3,"ars_elemental:yellow_archwood_sapling":20,"minecraft:oak_log":40,"minecraft:yellow_bed":1,"minecraft:dirt":16,"minecraft:white_banner":1,"minecraft:name_tag":2,"minecraft:bone":6,"ars_nouveau:green_archwood_sapling":8,"minecraft:apple":3,"minecraft:stone_bricks":5,"minecraft:bow":1,"minecraft:stonecutter":1,"gobber2:gobber2_gooey_beef":5,"minecraft:wheat_seeds":5,"minecraft:iron_ingot":1,"tombstone:bag_of_seeds":2,"tombstone:scroll_of_reach":1,"minecraft:oak_planks":12,"gobber2:gobber2_gooey_bread":8,"minecraft:book":146,"ars_nouveau:red_archwood_sapling":9,"ars_nouveau:bastion_pod":3,"minecraft:white_bed":11,"ars_elemental:yellow_archwood_log":72,"minecraft:lily_of_the_valley":6,"ars_nouveau:wilden_horn":6,"minecraft:stone_axe":1,"waystones:waystone":1,"minecraft:granite":34,"minecraft:oak_sapling":8,"minecraft:coal":20,"gobber2:gobber2_goo":7},"minecraft:killed":{"minecraft:skeleton":2,"artifacts:mimic":3,"minecraft:pig":8,"majruszsdifficulty:cursed_armor":1,"minecraft:sheep":7,"minecraft:pillager":5,"minecraft:zombie":1,"minecraft:cow":13},"minecraft:killed_by":{"minecraft:iron_golem":2},"minecraft:mined":{"minecraft:spruce_planks":8,"minecraft:white_bed":11,"minecraft:brewing_stand":2,"minecraft:granite":22,"minecraft:grass_block":3,"gobber2:gobber2_lucky_block":26,"minecraft:hay_block":14,"minecraft:iron_ore":22,"minecraft:andesite":8,"minecraft:bookshelf":42,"ars_nouveau:red_archwood_log":58,"minecraft:dirt_path":1,"minecraft:iron_bars":6,"minecraft:potted_cornflower":3,"minecraft:stone":261,"ars_nouveau:purple_archwood_log":100,"ars_nouveau:green_archwood_log":59,"minecraft:potted_lily_of_the_valley":10,"minecraft:crafting_table":7,"minecraft:torch":4,"minecraft:melon":3,"minecraft:tall_grass":9,"minecraft:copper_ore":14,"minecraft:cobblestone":8,"minecraft:sugar_cane":3,"minecraft:oak_planks":11,"ars_elemental:yellow_archwood_log":69,"minecraft:diorite":34,"minecraft:wall_torch":2,"ars_nouveau:blue_archwood_log":57,"minecraft:birch_log":19,"ars_nouveau:purple_archwood_leaves":3,"minecraft:tnt":24,"minecraft:yellow_bed":1,"minecraft:smooth_stone_slab":1,"minecraft:grass":42,"ars_nouveau:mage_block":5,"minecraft:coal_ore":20,"minecraft:oak_log":40,"minecraft:dirt":13,"minecraft:cracked_stone_bricks":2,"minecraft:stonecutter":1,"minecraft:stone_bricks":5,"minecraft:oak_leaves":2}},"DataVersion":3465}