{"stats":{"minecraft:used":{"minecraft:cooked_mutton":1,"minecraft:stone_pickaxe":6,"minecraft:oak_planks":22,"minecraft:wooden_pickaxe":22,"minecraft:dirt":3,"minecraft:mutton":4,"minecraft:crafting_table":6,"minecraft:white_bed":1,"minecraft:wooden_axe":42,"minecraft:apple":1,"minecraft:melon_slice":2,"minecraft:stone_axe":72,"minecraft:beef":8,"minecraft:oak_sapling":1,"minecraft:porkchop":6},"minecraft:killed_by":{"minecraft:iron_golem":2},"minecraft:dropped":{"minecraft:sugar_cane":9,"minecraft:wheat_seeds":1,"origins:orb_of_origin":1},"minecraft:killed":{"minecraft:pig":8,"minecraft:sheep":4,"minecraft:cow":6},"minecraft:picked_up":{"minecraft:birch_log":18,"minecraft:crafting_table":5,"minecraft:leather":3,"minecraft:oak_log":17,"minecraft:brewing_stand":1,"minecraft:yellow_bed":1,"minecraft:dirt":4,"minecraft:bone":2,"minecraft:apple":1,"minecraft:stonecutter":1,"minecraft:wheat_seeds":4,"minecraft:beef":11,"minecraft:melon_slice":14,"minecraft:sugar_cane":9,"minecraft:birch_sapling":3,"minecraft:oak_planks":4,"minecraft:stick":12,"ars_nouveau:purple_archwood_log":51,"ars_nouveau:purple_archwood_sapling":5,"minecraft:porkchop":13,"ars_nouveau:bastion_pod":3,"minecraft:white_bed":1,"minecraft:arrow":2,"waystones:waystone":1,"minecraft:oak_sapling":4,"minecraft:mutton":6,"minecraft:white_wool":4,"minecraft:cobblestone":22},"minecraft:crafted":{"minecraft:oak_planks":68,"minecraft:crafting_table":2,"minecraft:wooden_pickaxe":2,"minecraft:birch_planks":48,"minecraft:stone_axe":2,"minecraft:cooked_mutton":1,"minecraft:air":0,"minecraft:stick":16,"minecraft:stone_pickaxe":2,"minecraft:wooden_axe":2,"minecraft:white_bed":1},"minecraft:custom":{"minecraft:interact_with_furnace":4,"minecraft:mob_kills":18,"minecraft:interact_with_crafting_table":8,"minecraft:damage_dealt_resisted":0,"minecraft:leave_game":5,"minecraft:time_since_death":30133,"minecraft:sleep_in_bed":1,"minecraft:climb_one_cm":2829,"minecraft:time_since_rest":30218,"minecraft:waystone_activated":1,"minecraft:sprint_one_cm":149091,"minecraft:damage_taken":1104,"minecraft:walk_one_cm":63050,"minecraft:drop":11,"minecraft:damage_dealt":1749,"minecraft:swim_one_cm":2103,"minecraft:fly_one_cm":224892,"minecraft:crouch_one_cm":23,"minecraft:play_time":48741,"minecraft:deaths":2,"minecraft:sneak_time":54,"minecraft:walk_under_water_one_cm":345,"minecraft:jump":991,"minecraft:walk_on_water_one_cm":1798,"minecraft:total_world_time":48741,"minecraft:fall_one_cm":29641},"minecraft:mined":{"minecraft:white_bed":1,"minecraft:brewing_stand":1,"minecraft:crafting_table":5,"minecraft:grass_block":3,"minecraft:melon":3,"minecraft:tall_grass":8,"minecraft:sugar_cane":3,"minecraft:oak_planks":4,"minecraft:birch_log":19,"ars_nouveau:purple_archwood_leaves":3,"minecraft:yellow_bed":1,"minecraft:grass":29,"minecraft:oak_log":17,"minecraft:dirt":2,"minecraft:stonecutter":1,"minecraft:stone":22,"ars_nouveau:purple_archwood_log":52,"minecraft:oak_leaves":2}},"DataVersion":3465}