{"stats":{"minecraft:dropped":{"minecraft:gravel":2,"minecraft:stone_axe":1,"minecraft:wheat_seeds":37,"minecraft:cobbled_deepslate":8,"minecraft:tuff":3,"minecraft:wheat":2,"minecraft:iron_helmet":2,"minecraft:iron_boots":1,"minecraft:jungle_planks":1,"minecraft:dirt":1,"minecraft:chainmail_boots":1,"minecraft:iron_leggings":1,"minecraft:arrow":1,"minecraft:bone":4},"minecraft:custom":{"lootr:looted_stat":5,"minecraft:interact_with_furnace":18,"minecraft:mob_kills":14,"minecraft:interact_with_anvil":2,"minecraft:interact_with_crafting_table":18,"minecraft:damage_dealt_resisted":0,"minecraft:leave_game":6,"minecraft:time_since_death":34921,"minecraft:sleep_in_bed":1,"minecraft:climb_one_cm":1344,"minecraft:time_since_rest":29934,"minecraft:waystone_activated":2,"minecraft:sprint_one_cm":228070,"minecraft:damage_taken":1593,"minecraft:walk_one_cm":426011,"minecraft:damage_blocked_by_shield":1950,"minecraft:drop":20,"minecraft:damage_dealt":3406,"minecraft:swim_one_cm":2582,"minecraft:talked_to_villager":1,"minecraft:fly_one_cm":111907,"minecraft:open_chest":76,"minecraft:crouch_one_cm":11843,"minecraft:play_time":92269,"tombstone:undead_killed":8,"minecraft:deaths":2,"minecraft:sneak_time":4919,"minecraft:walk_under_water_one_cm":2931,"minecraft:interact_with_brewingstand":1,"minecraft:boat_one_cm":44341,"minecraft:jump":848,"minecraft:walk_on_water_one_cm":8026,"minecraft:total_world_time":92269,"minecraft:fall_one_cm":18503},"minecraft:crafted":{"minecraft:oak_planks":116,"minecraft:cooked_porkchop":3,"minecraft:crafting_table":2,"minecraft:bucket":1,"minecraft:stone_axe":1,"minecraft:bread":14,"minecraft:cooked_mutton":1,"minecraft:air":0,"minecraft:wooden_hoe":1,"minecraft:iron_chestplate":1,"minecraft:diamond_pickaxe":1,"minecraft:iron_axe":1,"minecraft:stick":16},"minecraft:killed":{"minecraft:pig":2,"minecraft:sheep":4,"minecraft:zombie":8},"minecraft:mined":{"minecraft:tuff":2,"minecraft:white_bed":1,"minecraft:crafting_table":3,"minecraft:torch":1,"minecraft:grass_block":42,"gobber2:gobber2_ore_deepslate":9,"minecraft:tall_grass":2,"minecraft:deepslate_gold_ore":8,"minecraft:nether_wart":18,"minecraft:furnace":1,"minecraft:wheat":51,"minecraft:cobbled_deepslate":3,"minecraft:pumpkin":10,"gobber2:gobber2_lucky_block_deepslate":3,"minecraft:grass":106,"minecraft:oak_log":29,"minecraft:deepslate_iron_ore":1,"minecraft:dirt":21,"minecraft:stone":57,"minecraft:oak_leaves":11,"minecraft:deepslate":69},"minecraft:picked_up":{"minecraft:wheat":44,"minecraft:crafting_table":3,"minecraft:chainmail_boots":1,"minecraft:nether_wart":41,"gobber2:gobber2_gooey_beefstew":2,"minecraft:leather":7,"minecraft:tuff":5,"minecraft:oak_log":29,"minecraft:dirt":64,"minecraft:iron_leggings":2,"minecraft:bone":4,"minecraft:wheat_seeds":132,"gobber2:gobber2_pickaxe":1,"minecraft:cobbled_deepslate":82,"minecraft:raw_gold":8,"minecraft:iron_ingot":32,"gobber2:gobber2_globette":9,"minecraft:sugar_cane":9,"gobber2:gobber2_gooey_bread":1,"minecraft:egg":1,"minecraft:iron_boots":1,"minecraft:furnace":1,"minecraft:stick":3,"minecraft:raw_iron":1,"apotheosis:gem":1,"minecraft:pumpkin":10,"minecraft:torch":1,"minecraft:gravel":2,"minecraft:jungle_planks":1,"minecraft:porkchop":3,"tombstone:grave_dust":1,"minecraft:white_bed":1,"origins:orb_of_origin":1,"minecraft:arrow":1,"minecraft:rotten_flesh":6,"minecraft:diamond":5,"minecraft:iron_helmet":2,"artifacts:cross_necklace":1,"minecraft:bread":19,"minecraft:oak_sapling":6,"minecraft:mutton":4,"minecraft:white_wool":4,"minecraft:cobblestone":56},"minecraft:used":{"minecraft:wheat_seeds":95,"minecraft:cooked_mutton":1,"gobber2:gobber2_pickaxe":32,"minecraft:water_bucket":7,"tombstone:scroll_of_reach":1,"minecraft:stone_pickaxe":36,"gobber2:gobber2_gooey_bread":1,"minecraft:wooden_pickaxe":25,"minecraft:shield":22,"minecraft:nether_wart":18,"minecraft:iron_sword":53,"minecraft:chainmail_helmet":1,"minecraft:iron_chestplate":1,"minecraft:torch":4,"minecraft:dirt":50,"minecraft:crafting_table":5,"minecraft:white_bed":1,"minecraft:tuff":2,"ars_nouveau:bombegranate_pod":3,"minecraft:wooden_hoe":44,"minecraft:diamond_pickaxe":10,"gobber2:gobber2_gooey_beefstew":1,"minecraft:iron_axe":10,"minecraft:bread":22,"minecraft:iron_pickaxe":55,"minecraft:stone_axe":1,"minecraft:chainmail_boots":1,"minecraft:furnace":2,"minecraft:oak_sapling":6,"minecraft:cooked_porkchop":3,"minecraft:bucket":8,"minecraft:egg":1,"minecraft:cobbled_deepslate":5,"minecraft:bone_meal":107,"minecraft:iron_leggings":1}},"DataVersion":3465}