{"stats":{"minecraft:dropped":{"minecraft:stone_axe":1,"minecraft:bone":3},"minecraft:custom":{"minecraft:time_since_rest":15307,"minecraft:waystone_activated":2,"lootr:looted_stat":4,"minecraft:interact_with_furnace":8,"minecraft:sprint_one_cm":120412,"minecraft:damage_taken":837,"minecraft:walk_one_cm":130393,"minecraft:interact_with_anvil":1,"minecraft:mob_kills":3,"minecraft:drop":2,"minecraft:damage_dealt":260,"minecraft:talked_to_villager":1,"minecraft:swim_one_cm":2582,"minecraft:interact_with_crafting_table":12,"minecraft:fly_one_cm":47000,"minecraft:open_chest":16,"minecraft:crouch_one_cm":4116,"minecraft:play_time":46627,"minecraft:deaths":1,"minecraft:sneak_time":1886,"minecraft:walk_under_water_one_cm":1515,"minecraft:boat_one_cm":44341,"minecraft:jump":304,"minecraft:leave_game":5,"minecraft:walk_on_water_one_cm":3936,"minecraft:time_since_death":16797,"minecraft:climb_one_cm":1163,"minecraft:total_world_time":46627,"minecraft:fall_one_cm":9056},"minecraft:crafted":{"minecraft:oak_planks":116,"minecraft:iron_chestplate":1,"minecraft:cooked_porkchop":2,"minecraft:iron_axe":1,"minecraft:crafting_table":2,"minecraft:stick":12,"minecraft:bucket":1,"minecraft:stone_axe":1,"minecraft:cooked_mutton":1,"minecraft:air":0},"minecraft:killed":{"minecraft:sheep":2,"minecraft:pig":1},"minecraft:mined":{"minecraft:white_bed":1,"minecraft:furnace":1,"minecraft:crafting_table":3,"minecraft:grass_block":4,"minecraft:oak_log":29,"minecraft:dirt":19,"minecraft:stone":57,"minecraft:oak_leaves":11},"minecraft:picked_up":{"minecraft:stick":3,"minecraft:crafting_table":3,"minecraft:porkchop":2,"minecraft:oak_log":29,"minecraft:white_bed":1,"origins:orb_of_origin":1,"minecraft:dirt":24,"minecraft:bone":3,"minecraft:diamond":5,"minecraft:iron_ingot":32,"minecraft:bread":16,"minecraft:oak_sapling":6,"minecraft:sugar_cane":9,"minecraft:mutton":2,"minecraft:white_wool":2,"minecraft:cobblestone":56,"minecraft:furnace":1},"minecraft:used":{"minecraft:cooked_mutton":1,"tombstone:scroll_of_reach":1,"minecraft:bread":11,"minecraft:stone_pickaxe":36,"minecraft:wooden_pickaxe":25,"minecraft:chainmail_helmet":1,"minecraft:iron_chestplate":1,"minecraft:stone_axe":1,"minecraft:torch":3,"minecraft:dirt":3,"minecraft:crafting_table":5,"minecraft:chainmail_boots":1,"minecraft:furnace":2,"minecraft:oak_sapling":6,"minecraft:cooked_porkchop":2,"minecraft:bucket":1,"minecraft:iron_leggings":1}},"DataVersion":3465}