{"stats":{"minecraft:killed":{"minecraft:vindicator":1,"minecraft:piglin_brute":7,"minecraft:piglin":5,"minecraft:pig":2,"majruszsdifficulty:cursed_armor":1,"minecraft:sheep":4,"minecraft:zombie":10,"minecraft:wither_skeleton":3,"apollyon:the_damned":2,"minecraft:enderman":1},"minecraft:dropped":{"minecraft:enchanted_book":1,"minecraft:wheat_seeds":37,"minecraft:deepslate_brick_wall":8,"minecraft:iron_helmet":2,"minecraft:jungle_planks":1,"minecraft:coal":2,"gobber2:gobber2_glass_nether":1,"artifacts:night_vision_goggles":1,"minecraft:cracked_polished_blackstone_bricks":6,"minecraft:dirt":3,"minecraft:deepslate_brick_stairs":9,"minecraft:dark_oak_fence":9,"minecraft:mutton":3,"tombstone:grave_dust":1,"minecraft:iron_leggings":1,"minecraft:oak_stairs":4,"minecraft:writable_book":2,"minecraft:bone_block":12,"minecraft:polished_blackstone_bricks":7,"minecraft:polished_basalt":38,"minecraft:smooth_stone":6,"minecraft:polished_deepslate":20,"minecraft:bone":9,"minecraft:gravel":2,"minecraft:polished_diorite":10,"minecraft:stone_axe":1,"minecraft:soul_soil":3,"minecraft:coarse_dirt":6,"minecraft:stone_sword":1,"minecraft:cobbled_deepslate":39,"minecraft:smooth_stone_slab":11,"minecraft:tuff":3,"minecraft:wheat":2,"minecraft:deepslate_brick_slab":38,"minecraft:iron_boots":1,"minecraft:oak_sign":26,"minecraft:nether_bricks":1,"minecraft:diamond_chestplate":1,"ars_elemental:earth_caster_tome":1,"minecraft:ladder":6,"minecraft:chainmail_boots":1,"minecraft:basalt":1,"minecraft:arrow":1,"minecraft:cracked_nether_bricks":1,"minecraft:calcite":6,"botania:lime_mystical_flower":1,"minecraft:lectern":1,"minecraft:netherrack":193},"minecraft:broken":{"minecraft:iron_leggings":1,"minecraft:chainmail_helmet":1,"minecraft:shield":1,"minecraft:iron_sword":1},"minecraft:used":{"minecraft:writable_book":1,"minecraft:bone_block":10,"gobber2:gobber2_gooey_bread":4,"minecraft:shield":28,"minecraft:iron_sword":93,"minecraft:nether_wart":18,"minecraft:netherrack":24,"minecraft:iron_chestplate":1,"minecraft:torch":8,"minecraft:dirt":50,"minecraft:tuff":2,"ars_nouveau:bombegranate_pod":3,"minecraft:iron_axe":24,"gobber2:gobber2_gooey_beef":2,"minecraft:diamond_chestplate":2,"gobber2:gobber2_sword":74,"minecraft:oak_sapling":6,"minecraft:furnace":2,"minecraft:egg":1,"minecraft:cooked_beef":3,"minecraft:cobbled_deepslate":12,"minecraft:iron_leggings":1,"minecraft:wheat_seeds":95,"minecraft:cooked_mutton":2,"gobber2:gobber2_pickaxe":442,"minecraft:water_bucket":11,"tombstone:scroll_of_reach":1,"minecraft:oak_planks":5,"minecraft:stone_pickaxe":36,"minecraft:wooden_pickaxe":25,"minecraft:chainmail_helmet":1,"minecraft:diamond_axe":103,"minecraft:polished_blackstone_bricks":1,"minecraft:golden_apple":2,"minecraft:crafting_table":5,"minecraft:white_bed":1,"gobber2:gobber2_gooey_bread_nether":6,"minecraft:wooden_hoe":44,"minecraft:diamond_pickaxe":10,"gobber2:gobber2_gooey_beefstew":3,"minecraft:cracked_polished_blackstone_bricks":9,"minecraft:bread":36,"minecraft:iron_pickaxe":55,"tombstone:magic_scroll":1,"gobber2:gobber2_gooey_beefstew_nether":2,"minecraft:stone_axe":1,"minecraft:chainmail_boots":1,"minecraft:cooked_porkchop":3,"minecraft:bucket":12,"minecraft:bone_meal":107,"gobber2:gobber2_gooey_beef_nether":8},"minecraft:custom":{"lootr:looted_stat":52,"minecraft:interact_with_anvil":2,"minecraft:mob_kills":37,"minecraft:interact_with_crafting_table":23,"minecraft:damage_dealt_resisted":75,"minecraft:leave_game":14,"minecraft:time_since_death":4913,"minecraft:damage_resisted":31,"minecraft:climb_one_cm":4781,"minecraft:sprint_one_cm":415045,"minecraft:walk_one_cm":824338,"minecraft:damage_blocked_by_shield":2580,"minecraft:drop":88,"minecraft:talked_to_villager":1,"minecraft:play_time":202146,"minecraft:sneak_time":10268,"minecraft:deaths":5,"minecraft:walk_under_water_one_cm":4835,"minecraft:interact_with_lectern":2,"minecraft:boat_one_cm":44341,"minecraft:interact_with_brewingstand":1,"minecraft:jump":2394,"minecraft:walk_on_water_one_cm":11680,"minecraft:total_world_time":202146,"minecraft:interact_with_furnace":25,"tombstone:raider_killed":1,"minecraft:sleep_in_bed":2,"minecraft:time_since_rest":4357,"minecraft:waystone_activated":2,"minecraft:damage_absorbed":40,"minecraft:damage_taken":6966,"minecraft:damage_dealt":13408,"tombstone:cast_on_ally":0,"minecraft:swim_one_cm":3761,"minecraft:fly_one_cm":270317,"minecraft:open_chest":86,"minecraft:crouch_one_cm":26358,"tombstone:undead_killed":13,"minecraft:fall_one_cm":46290,"minecraft:horse_one_cm":945571},"minecraft:mined":{"minecraft:tuff":2,"minecraft:white_bed":1,"minecraft:deepslate_diamond_ore":1,"minecraft:obsidian":5,"minecraft:glow_lichen":2,"minecraft:nether_bricks":1,"minecraft:grass_block":44,"gobber2:gobber2_ore_deepslate":77,"minecraft:cracked_polished_blackstone_bricks":16,"minecraft:soul_soil":1,"minecraft:cracked_nether_bricks":1,"minecraft:nether_wart":18,"minecraft:polished_blackstone_bricks":31,"minecraft:furnace":1,"minecraft:cobbled_deepslate":3,"minecraft:fire":2,"gobber2:gobber2_ore_nether":33,"minecraft:pumpkin":10,"minecraft:gold_block":23,"minecraft:bookshelf":16,"minecraft:deepslate_iron_ore":4,"minecraft:vine":1,"minecraft:stone":57,"minecraft:bone_block":1,"minecraft:blackstone":1,"minecraft:basalt":1,"minecraft:crafting_table":3,"minecraft:torch":1,"gobber2:gobber2_lucky_block_nether":34,"minecraft:tall_grass":2,"minecraft:deepslate_gold_ore":11,"minecraft:wall_torch":4,"minecraft:coarse_dirt":7,"ars_nouveau:blue_archwood_log":86,"minecraft:wheat":51,"minecraft:birch_leaves":1,"gobber2:gobber2_lucky_block_deepslate":15,"minecraft:grass":107,"minecraft:oak_log":29,"minecraft:dirt":35,"minecraft:netherrack":148,"minecraft:oak_leaves":18,"minecraft:deepslate":92},"minecraft:picked_up":{"minecraft:charcoal":2,"minecraft:coarse_dirt":6,"minecraft:crafting_table":3,"minecraft:wheat":44,"minecraft:chainmail_boots":1,"artifacts:night_vision_goggles":1,"minecraft:ladder":6,"minecraft:nether_wart":41,"minecraft:turtle_helmet":1,"minecraft:oak_stairs":4,"ars_nouveau:blue_archwood_sapling":3,"minecraft:gold_block":23,"minecraft:polished_deepslate":20,"minecraft:soul_soil":3,"minecraft:smooth_stone_slab":11,"minecraft:iron_leggings":2,"gobber2:gobber2_glass_nether":8,"minecraft:blackstone":1,"minecraft:oak_sign":26,"minecraft:cobbled_deepslate":116,"minecraft:smooth_stone":6,"minecraft:calcite":6,"minecraft:lectern":2,"minecraft:sugar_cane":9,"minecraft:furnace":1,"minecraft:iron_boots":1,"minecraft:egg":1,"minecraft:stick":8,"minecraft:raw_iron":4,"apotheosis:gem":1,"minecraft:deepslate_brick_wall":8,"minecraft:torch":5,"ars_nouveau:blue_archwood_log":21,"minecraft:porkchop":3,"minecraft:polished_blackstone_bricks":31,"minecraft:golden_axe":1,"tombstone:grave_dust":2,"origins:orb_of_origin":1,"gobber2:gobber2_foo":2,"gobber2:gobber2_globette_nether":30,"minecraft:stone_sword":2,"minecraft:arrow":1,"minecraft:rotten_flesh":6,"botania:lime_mystical_flower":1,"minecraft:nether_bricks":1,"gobber2:gobber2_gooey_beef_nether":8,"minecraft:polished_basalt":38,"artifacts:cross_necklace":1,"minecraft:deepslate_brick_stairs":9,"minecraft:obsidian":14,"minecraft:mutton":6,"minecraft:bone_block":7,"minecraft:white_wool":4,"minecraft:cobblestone":56,"minecraft:cooked_beef":3,"minecraft:basalt":1,"gobber2:gobber2_gooey_beefstew":3,"minecraft:leather":7,"minecraft:tuff":5,"minecraft:oak_log":36,"gobber2:gobber2_gooey_bread_nether":6,"minecraft:dirt":77,"minecraft:bone":9,"gobber2:gobber2_gooey_beef":5,"minecraft:wheat_seeds":132,"gobber2:gobber2_pickaxe":1,"minecraft:deepslate_brick_slab":38,"minecraft:raw_gold":11,"minecraft:iron_ingot":32,"gobber2:gobber2_globette":77,"gobber2:gobber2_gooey_beefstew_nether":2,"gobber2:gobber2_gooey_bread":4,"minecraft:book":57,"gobber2:gobber2_rod_nether":4,"minecraft:pumpkin":10,"minecraft:cracked_nether_bricks":1,"minecraft:gravel":2,"minecraft:jungle_planks":1,"minecraft:white_bed":1,"minecraft:diamond":6,"minecraft:polished_diorite":10,"minecraft:writable_book":2,"minecraft:cracked_polished_blackstone_bricks":16,"minecraft:iron_helmet":2,"minecraft:bread":19,"minecraft:oak_sapling":10,"minecraft:netherrack":232,"minecraft:dark_oak_fence":9,"gobber2:gobber2_goo":1,"minecraft:coal":2,"gobber2:gobber2_goo_nether":6},"minecraft:crafted":{"minecraft:oak_planks":116,"minecraft:cooked_mutton":2,"gobber2:gobber2_glob":8,"minecraft:iron_axe":1,"minecraft:cooked_porkchop":3,"minecraft:crafting_table":2,"minecraft:bucket":1,"minecraft:stone_axe":1,"minecraft:bread":14,"minecraft:air":0,"minecraft:iron_chestplate":1,"minecraft:wooden_hoe":1,"minecraft:diamond_pickaxe":1,"minecraft:stick":16,"minecraft:iron_ingot":18,"minecraft:gold_ingot":11},"minecraft:killed_by":{"minecraft:creeper":1,"majruszsdifficulty:cursed_armor":1}},"DataVersion":3465}