{"stats":{"minecraft:dropped":{"minecraft:gravel":2,"minecraft:stone_axe":1,"minecraft:cobbled_deepslate":4,"minecraft:tuff":3,"minecraft:iron_helmet":2,"minecraft:iron_boots":1,"minecraft:jungle_planks":1,"minecraft:chainmail_boots":1,"minecraft:iron_leggings":1,"minecraft:arrow":1,"minecraft:bone":4},"minecraft:custom":{"lootr:looted_stat":5,"minecraft:interact_with_furnace":18,"minecraft:mob_kills":10,"minecraft:interact_with_anvil":2,"minecraft:interact_with_crafting_table":16,"minecraft:damage_dealt_resisted":0,"minecraft:leave_game":6,"minecraft:time_since_death":22921,"minecraft:sleep_in_bed":1,"minecraft:climb_one_cm":1344,"minecraft:time_since_rest":17934,"minecraft:waystone_activated":2,"minecraft:sprint_one_cm":210302,"minecraft:damage_taken":1415,"minecraft:walk_one_cm":337378,"minecraft:damage_blocked_by_shield":1950,"minecraft:drop":13,"minecraft:damage_dealt":2484,"minecraft:swim_one_cm":2582,"minecraft:talked_to_villager":1,"minecraft:fly_one_cm":98641,"minecraft:open_chest":69,"minecraft:crouch_one_cm":9040,"minecraft:play_time":80269,"tombstone:undead_killed":4,"minecraft:deaths":2,"minecraft:sneak_time":3652,"minecraft:walk_under_water_one_cm":1515,"minecraft:interact_with_brewingstand":1,"minecraft:boat_one_cm":44341,"minecraft:jump":674,"minecraft:walk_on_water_one_cm":6545,"minecraft:total_world_time":80269,"minecraft:fall_one_cm":15686},"minecraft:crafted":{"minecraft:oak_planks":116,"minecraft:cooked_porkchop":3,"minecraft:crafting_table":2,"minecraft:bucket":1,"minecraft:stone_axe":1,"minecraft:cooked_mutton":1,"minecraft:air":0,"minecraft:wooden_hoe":1,"minecraft:iron_chestplate":1,"minecraft:diamond_pickaxe":1,"minecraft:iron_axe":1,"minecraft:stick":16},"minecraft:killed":{"minecraft:pig":2,"minecraft:sheep":4,"minecraft:zombie":4},"minecraft:mined":{"minecraft:white_bed":1,"minecraft:crafting_table":3,"minecraft:torch":1,"minecraft:grass_block":42,"minecraft:tall_grass":2,"minecraft:furnace":1,"minecraft:wheat":19,"minecraft:cobbled_deepslate":3,"minecraft:pumpkin":10,"minecraft:grass":106,"minecraft:oak_log":29,"minecraft:dirt":21,"minecraft:stone":57,"minecraft:oak_leaves":11,"minecraft:deepslate":54},"minecraft:picked_up":{"minecraft:wheat":19,"minecraft:crafting_table":3,"minecraft:chainmail_boots":1,"minecraft:leather":7,"minecraft:tuff":3,"minecraft:oak_log":29,"minecraft:dirt":64,"minecraft:iron_leggings":2,"minecraft:bone":4,"minecraft:wheat_seeds":67,"minecraft:cobbled_deepslate":63,"minecraft:iron_ingot":32,"minecraft:sugar_cane":9,"minecraft:egg":1,"minecraft:iron_boots":1,"minecraft:furnace":1,"minecraft:stick":3,"apotheosis:gem":1,"minecraft:pumpkin":10,"minecraft:torch":1,"minecraft:gravel":2,"minecraft:jungle_planks":1,"minecraft:porkchop":3,"tombstone:grave_dust":1,"minecraft:white_bed":1,"origins:orb_of_origin":1,"minecraft:arrow":1,"minecraft:rotten_flesh":6,"minecraft:diamond":5,"minecraft:iron_helmet":2,"artifacts:cross_necklace":1,"minecraft:bread":19,"minecraft:oak_sapling":6,"minecraft:mutton":4,"minecraft:white_wool":4,"minecraft:cobblestone":56},"minecraft:used":{"minecraft:wheat_seeds":55,"minecraft:cooked_mutton":1,"minecraft:water_bucket":6,"tombstone:scroll_of_reach":1,"minecraft:stone_pickaxe":36,"minecraft:wooden_pickaxe":25,"minecraft:shield":22,"minecraft:iron_sword":42,"minecraft:chainmail_helmet":1,"minecraft:iron_chestplate":1,"minecraft:torch":4,"minecraft:dirt":44,"minecraft:crafting_table":5,"minecraft:white_bed":1,"ars_nouveau:bombegranate_pod":3,"minecraft:wooden_hoe":37,"minecraft:diamond_pickaxe":9,"minecraft:iron_axe":10,"minecraft:bread":19,"minecraft:iron_pickaxe":49,"minecraft:stone_axe":1,"minecraft:chainmail_boots":1,"minecraft:furnace":2,"minecraft:oak_sapling":6,"minecraft:cooked_porkchop":3,"minecraft:bucket":7,"minecraft:egg":1,"minecraft:bone_meal":43,"minecraft:iron_leggings":1}},"DataVersion":3465}