{"stats":{"minecraft:custom":{"minecraft:time_since_rest":23328,"minecraft:interact_with_furnace":6,"minecraft:sprint_one_cm":24571,"minecraft:damage_taken":180,"minecraft:walk_one_cm":47313,"minecraft:mob_kills":3,"minecraft:damage_dealt":260,"minecraft:swim_one_cm":2582,"minecraft:interact_with_crafting_table":5,"minecraft:fly_one_cm":5458,"minecraft:crouch_one_cm":1844,"minecraft:play_time":23328,"minecraft:sneak_time":846,"minecraft:walk_under_water_one_cm":1434,"minecraft:jump":69,"minecraft:leave_game":3,"minecraft:walk_on_water_one_cm":454,"minecraft:time_since_death":23328,"minecraft:total_world_time":23328,"minecraft:fall_one_cm":2244},"minecraft:used":{"minecraft:stone_pickaxe":36,"minecraft:wooden_pickaxe":8,"minecraft:dirt":3,"minecraft:crafting_table":3,"minecraft:oak_sapling":3,"minecraft:furnace":1,"minecraft:cooked_porkchop":2},"minecraft:mined":{"minecraft:crafting_table":2,"minecraft:grass_block":4,"minecraft:oak_log":24,"minecraft:dirt":19,"minecraft:stone":41,"minecraft:oak_leaves":11},"minecraft:killed":{"minecraft:sheep":2,"minecraft:pig":1},"minecraft:crafted":{"minecraft:oak_planks":96,"minecraft:cooked_porkchop":2,"minecraft:crafting_table":1,"minecraft:stick":12,"minecraft:air":0},"minecraft:picked_up":{"minecraft:stick":3,"minecraft:crafting_table":2,"minecraft:porkchop":2,"minecraft:oak_log":24,"origins:orb_of_origin":1,"minecraft:dirt":24,"minecraft:oak_sapling":6,"minecraft:sugar_cane":9,"minecraft:mutton":2,"minecraft:white_wool":2,"minecraft:cobblestone":41}},"DataVersion":3465}