{"stats":{"minecraft:custom":{"minecraft:time_since_rest":27756,"minecraft:interact_with_furnace":8,"minecraft:sprint_one_cm":24948,"minecraft:damage_taken":290,"minecraft:walk_one_cm":53373,"minecraft:mob_kills":3,"minecraft:damage_dealt":260,"minecraft:swim_one_cm":2582,"minecraft:interact_with_crafting_table":9,"minecraft:fly_one_cm":6252,"minecraft:crouch_one_cm":3799,"minecraft:play_time":27756,"minecraft:sneak_time":1729,"minecraft:walk_under_water_one_cm":1515,"minecraft:jump":97,"minecraft:leave_game":5,"minecraft:walk_on_water_one_cm":3457,"minecraft:time_since_death":27756,"minecraft:climb_one_cm":25,"minecraft:total_world_time":27756,"minecraft:fall_one_cm":2453},"minecraft:crafted":{"minecraft:oak_planks":116,"minecraft:cooked_porkchop":2,"minecraft:crafting_table":2,"minecraft:stick":12,"minecraft:stone_axe":1,"minecraft:cooked_mutton":1,"minecraft:air":0},"minecraft:killed":{"minecraft:sheep":2,"minecraft:pig":1},"minecraft:mined":{"minecraft:furnace":1,"minecraft:crafting_table":3,"minecraft:grass_block":4,"minecraft:oak_log":29,"minecraft:dirt":19,"minecraft:stone":57,"minecraft:oak_leaves":11},"minecraft:picked_up":{"minecraft:stick":3,"minecraft:crafting_table":3,"minecraft:porkchop":2,"minecraft:oak_log":29,"origins:orb_of_origin":1,"minecraft:dirt":24,"minecraft:oak_sapling":6,"minecraft:sugar_cane":9,"minecraft:mutton":2,"minecraft:white_wool":2,"minecraft:cobblestone":56,"minecraft:furnace":1},"minecraft:used":{"minecraft:cooked_mutton":1,"minecraft:stone_pickaxe":36,"minecraft:wooden_pickaxe":25,"minecraft:stone_axe":1,"minecraft:dirt":3,"minecraft:crafting_table":4,"minecraft:furnace":2,"minecraft:oak_sapling":3,"minecraft:cooked_porkchop":2}},"DataVersion":3465}