{"stats":{"minecraft:dropped":{"minecraft:gravel":2,"minecraft:stone_axe":1,"minecraft:wheat_seeds":37,"minecraft:stone_sword":1,"minecraft:cobbled_deepslate":39,"minecraft:tuff":3,"minecraft:wheat":2,"minecraft:iron_helmet":2,"minecraft:iron_boots":1,"minecraft:jungle_planks":1,"minecraft:dirt":1,"minecraft:mutton":3,"ars_elemental:earth_caster_tome":1,"minecraft:chainmail_boots":1,"minecraft:iron_leggings":1,"minecraft:arrow":1,"minecraft:bone":4},"minecraft:custom":{"minecraft:interact_with_furnace":25,"lootr:looted_stat":16,"minecraft:interact_with_anvil":2,"minecraft:mob_kills":16,"tombstone:raider_killed":1,"minecraft:interact_with_crafting_table":20,"minecraft:damage_dealt_resisted":75,"minecraft:leave_game":9,"minecraft:time_since_death":67996,"minecraft:sleep_in_bed":1,"minecraft:climb_one_cm":1344,"minecraft:time_since_rest":63009,"minecraft:waystone_activated":2,"minecraft:sprint_one_cm":307233,"minecraft:damage_taken":2397,"minecraft:walk_one_cm":591350,"minecraft:damage_blocked_by_shield":2580,"minecraft:drop":33,"minecraft:damage_dealt":5942,"tombstone:cast_on_ally":0,"minecraft:swim_one_cm":2981,"minecraft:talked_to_villager":1,"minecraft:fly_one_cm":156174,"minecraft:open_chest":81,"minecraft:crouch_one_cm":14883,"minecraft:play_time":125344,"minecraft:sneak_time":6440,"tombstone:undead_killed":8,"minecraft:deaths":2,"minecraft:walk_under_water_one_cm":3038,"minecraft:boat_one_cm":44341,"minecraft:interact_with_brewingstand":1,"minecraft:jump":1334,"minecraft:walk_on_water_one_cm":10944,"minecraft:total_world_time":125344,"minecraft:fall_one_cm":28769},"minecraft:crafted":{"minecraft:oak_planks":116,"minecraft:cooked_porkchop":3,"minecraft:crafting_table":2,"minecraft:bucket":1,"minecraft:stone_axe":1,"minecraft:bread":14,"minecraft:cooked_mutton":2,"minecraft:air":0,"gobber2:gobber2_glob":8,"minecraft:diamond_pickaxe":1,"minecraft:iron_chestplate":1,"minecraft:wooden_hoe":1,"minecraft:iron_axe":1,"minecraft:stick":16,"minecraft:iron_ingot":18,"minecraft:gold_ingot":11},"minecraft:killed":{"minecraft:pig":2,"minecraft:vindicator":1,"majruszsdifficulty:cursed_armor":1,"minecraft:sheep":4,"minecraft:zombie":8},"minecraft:broken":{"minecraft:shield":1,"minecraft:iron_sword":1,"minecraft:chainmail_helmet":1},"minecraft:mined":{"minecraft:tuff":2,"minecraft:white_bed":1,"minecraft:deepslate_diamond_ore":1,"minecraft:crafting_table":3,"minecraft:torch":1,"minecraft:glow_lichen":2,"minecraft:grass_block":42,"gobber2:gobber2_ore_deepslate":77,"minecraft:tall_grass":2,"minecraft:deepslate_gold_ore":11,"minecraft:nether_wart":18,"minecraft:wall_torch":4,"minecraft:furnace":1,"minecraft:wheat":51,"minecraft:cobbled_deepslate":3,"minecraft:pumpkin":10,"gobber2:gobber2_lucky_block_deepslate":15,"minecraft:grass":106,"minecraft:oak_log":29,"minecraft:deepslate_iron_ore":4,"minecraft:vine":1,"minecraft:dirt":21,"minecraft:stone":57,"minecraft:oak_leaves":11,"minecraft:deepslate":92},"minecraft:picked_up":{"minecraft:crafting_table":3,"minecraft:wheat":44,"minecraft:chainmail_boots":1,"minecraft:turtle_helmet":1,"minecraft:nether_wart":41,"gobber2:gobber2_gooey_beefstew":3,"minecraft:leather":7,"minecraft:tuff":5,"minecraft:oak_log":29,"minecraft:dirt":64,"minecraft:iron_leggings":2,"minecraft:bone":4,"gobber2:gobber2_gooey_beef":5,"minecraft:wheat_seeds":132,"gobber2:gobber2_pickaxe":1,"minecraft:cobbled_deepslate":116,"minecraft:raw_gold":11,"minecraft:iron_ingot":32,"gobber2:gobber2_globette":77,"minecraft:sugar_cane":9,"minecraft:furnace":1,"gobber2:gobber2_gooey_bread":4,"minecraft:iron_boots":1,"minecraft:egg":1,"minecraft:stick":3,"minecraft:raw_iron":4,"apotheosis:gem":1,"minecraft:pumpkin":10,"minecraft:torch":5,"minecraft:gravel":2,"minecraft:porkchop":3,"minecraft:jungle_planks":1,"tombstone:grave_dust":1,"minecraft:white_bed":1,"origins:orb_of_origin":1,"gobber2:gobber2_foo":2,"minecraft:stone_sword":2,"minecraft:arrow":1,"minecraft:rotten_flesh":6,"minecraft:diamond":6,"minecraft:iron_helmet":2,"artifacts:cross_necklace":1,"minecraft:bread":19,"minecraft:oak_sapling":6,"minecraft:mutton":6,"gobber2:gobber2_goo":1,"minecraft:white_wool":4,"minecraft:cobblestone":56},"minecraft:used":{"minecraft:cooked_mutton":1,"gobber2:gobber2_pickaxe":145,"minecraft:wheat_seeds":95,"minecraft:water_bucket":11,"tombstone:scroll_of_reach":1,"minecraft:stone_pickaxe":36,"gobber2:gobber2_gooey_bread":4,"minecraft:wooden_pickaxe":25,"minecraft:shield":28,"minecraft:nether_wart":18,"minecraft:iron_sword":93,"minecraft:chainmail_helmet":1,"minecraft:iron_chestplate":1,"minecraft:torch":8,"minecraft:dirt":50,"minecraft:crafting_table":5,"minecraft:white_bed":1,"minecraft:tuff":2,"ars_nouveau:bombegranate_pod":3,"minecraft:wooden_hoe":44,"minecraft:diamond_pickaxe":10,"gobber2:gobber2_gooey_beefstew":2,"minecraft:iron_pickaxe":55,"minecraft:iron_axe":24,"minecraft:bread":28,"gobber2:gobber2_gooey_beef":2,"minecraft:stone_axe":1,"minecraft:chainmail_boots":1,"minecraft:oak_sapling":6,"minecraft:furnace":2,"minecraft:cooked_porkchop":3,"minecraft:bucket":12,"minecraft:egg":1,"minecraft:cobbled_deepslate":12,"minecraft:bone_meal":107,"minecraft:iron_leggings":1}},"DataVersion":3465}