{"stats":{"minecraft:killed_by":{"majruszsdifficulty:cursed_armor":1},"minecraft:dropped":{"minecraft:iron_ingot":14,"minecraft:bread":3,"minecraft:iron_sword":1,"minecraft:crafting_table":1,"minecraft:cobblestone":1,"minecraft:iron_helmet":2,"minecraft:leather":5,"minecraft:stick":6,"minecraft:cobweb":2,"ars_nouveau:imbuement_chamber":1,"minecraft:wooden_axe":1,"tombstone:grave_dust":2,"minecraft:iron_pickaxe":1,"gobber2:gobber2_gooey_bread":5,"minecraft:bone":36,"ars_nouveau:wilden_spike":2,"minecraft:cobbled_deepslate":2,"ars_nouveau:archwood_planks":20,"minecraft:wheat":16,"minecraft:raw_iron":22,"gobber2:gobber2_gooey_beef":3,"minecraft:rotten_flesh":1,"minecraft:chainmail_chestplate":1,"minecraft:trident":1,"minecraft:iron_chestplate":2,"ars_elemental:earth_caster_tome":3,"tombstone:scroll_of_knowledge":1,"ars_nouveau:green_archwood_log":20,"sophisticatedbackpacks:copper_backpack":3},"minecraft:custom":{"lootr:looted_stat":20,"minecraft:mob_kills":34,"minecraft:interact_with_anvil":5,"minecraft:interact_with_crafting_table":16,"goblintraders:trade_with_goblin":33,"minecraft:damage_dealt_resisted":25,"minecraft:leave_game":1,"minecraft:time_since_death":97603,"minecraft:climb_one_cm":316,"minecraft:damage_resisted":0,"minecraft:sprint_one_cm":359931,"minecraft:walk_one_cm":282268,"minecraft:drop":95,"minecraft:talked_to_villager":1,"minecraft:play_time":137329,"minecraft:deaths":1,"minecraft:sneak_time":854,"minecraft:walk_under_water_one_cm":95,"tombstone:tomb_raiding":3,"minecraft:jump":653,"minecraft:interact_with_blast_furnace":4,"minecraft:walk_on_water_one_cm":631,"minecraft:total_world_time":137329,"minecraft:interact_with_furnace":3,"minecraft:sleep_in_bed":2,"minecraft:time_since_rest":68639,"minecraft:waystone_activated":2,"minecraft:damage_taken":4047,"minecraft:damage_absorbed":80,"minecraft:damage_dealt":8096,"minecraft:swim_one_cm":648,"minecraft:fly_one_cm":88158,"minecraft:player_kills":8,"minecraft:open_chest":107,"minecraft:crouch_one_cm":2204,"tombstone:undead_killed":12,"minecraft:fall_one_cm":16629},"minecraft:crafted":{"ars_nouveau:archwood_planks":56,"gobber2:gobber2_glob":3,"gobber2:gobber2_ingot":9,"minecraft:iron_helmet":1,"gobber2:gobber2_rod":2,"minecraft:copper_ingot":9,"minecraft:air":0,"minecraft:diamond_pickaxe":1,"minecraft:stick":72,"minecraft:iron_ingot":6,"minecraft:gold_ingot":90,"minecraft:torch":76},"minecraft:killed":{"minecraft:cave_spider":1,"minecraft:spider":17,"minecraft:skeleton":4,"minecraft:silverfish":1,"artifacts:mimic":2,"minecraft:husk":1,"minecraft:creeper":1,"minecraft:zombie":7},"minecraft:broken":{"minecraft:iron_pickaxe":2,"minecraft:iron_helmet":1},"minecraft:mined":{"minecraft:large_amethyst_bud":1,"minecraft:tuff":1,"minecraft:deepslate_diamond_ore":1,"minecraft:budding_amethyst":7,"gobber2:gobber2_lucky_block":20,"minecraft:spawner":10,"minecraft:iron_ore":48,"minecraft:fire":4,"minecraft:cobbled_deepslate":4,"minecraft:andesite":19,"minecraft:deepslate_lapis_ore":5,"minecraft:anvil":2,"minecraft:vine":1,"minecraft:deepslate_iron_ore":21,"minecraft:rail":1,"minecraft:small_amethyst_bud":1,"minecraft:stone":155,"minecraft:green_bed":1,"minecraft:medium_amethyst_bud":2,"minecraft:amethyst_cluster":1,"minecraft:torch":2,"minecraft:calcite":4,"minecraft:copper_ore":6,"minecraft:cobblestone":6,"minecraft:deepslate_gold_ore":35,"minecraft:diorite":19,"minecraft:wall_torch":4,"minecraft:amethyst_block":60,"minecraft:tnt":3,"gobber2:gobber2_lucky_block_deepslate":31,"minecraft:grass":19,"ars_nouveau:mage_block":1,"minecraft:coal_ore":25,"minecraft:gravel":2,"minecraft:dripstone_block":5,"minecraft:dirt":7,"minecraft:cracked_stone_bricks":3,"minecraft:smooth_basalt":1,"ars_nouveau:imbuement_chamber":1,"minecraft:gold_ore":2,"minecraft:deepslate":35},"minecraft:picked_up":{"minecraft:iron_chestplate":1,"minecraft:wheat":16,"minecraft:chainmail_boots":1,"minecraft:anvil":2,"minecraft:lead":1,"minecraft:potion":1,"minecraft:enchanted_book":3,"minecraft:amethyst_block":60,"ars_nouveau:archwood_planks":20,"minecraft:string":30,"minecraft:raw_copper":27,"minecraft:flint_and_steel":1,"minecraft:iron_leggings":1,"minecraft:cracked_stone_bricks":3,"minecraft:cobbled_deepslate":270,"ars_elemental:earth_caster_tome":1,"minecraft:calcite":4,"minecraft:iron_pickaxe":1,"artifacts:universal_attractor":1,"minecraft:raw_iron":68,"minecraft:stick":14,"apotheosis:gem":2,"minecraft:torch":20,"minecraft:green_bed":1,"tombstone:grave_dust":2,"minecraft:pointed_dripstone":1,"minecraft:diorite":18,"minecraft:trident":1,"minecraft:redstone":4,"ars_nouveau:green_archwood_log":9,"gobber2:gobber2_foo":6,"minecraft:tnt":29,"minecraft:stone_sword":1,"minecraft:arrow":8,"minecraft:rotten_flesh":13,"ars_nouveau:imbuement_chamber":2,"sophisticatedbackpacks:copper_backpack":2,"minecraft:obsidian":5,"minecraft:rail":1,"minecraft:cobblestone":195,"minecraft:enchanting_table":1,"minecraft:andesite":96,"minecraft:leather":5,"gobber2:gobber2_gooey_beefstew":5,"minecraft:tuff":49,"minecraft:chainmail_chestplate":2,"minecraft:gunpowder":3,"minecraft:lapis_lazuli":32,"minecraft:dirt":7,"minecraft:spawner":5,"minecraft:bone":46,"gobber2:gobber2_gooey_beef":15,"minecraft:raw_gold":39,"minecraft:iron_ingot":2,"minecraft:cobweb":2,"gobber2:gobber2_globette":30,"tombstone:bag_of_seeds":1,"gobber2:gobber2_gooey_bread":16,"minecraft:smooth_basalt":1,"minecraft:dripstone_block":7,"minecraft:gravel":2,"minecraft:amethyst_shard":6,"minecraft:cyan_bed":1,"minecraft:spider_eye":25,"ars_nouveau:wilden_spike":2,"minecraft:diamond":1,"artifacts:golden_hook":1,"tombstone:scroll_of_knowledge":1,"minecraft:iron_helmet":2,"minecraft:crossbow":1,"minecraft:granite":2,"minecraft:coal":25,"gobber2:gobber2_goo":14},"minecraft:used":{"minecraft:trident":178,"gobber2:gobber2_goo":12,"minecraft:iron_shovel":2,"minecraft:flint_and_steel":14,"gobber2:gobber2_gooey_bread":8,"minecraft:chest":4,"minecraft:torch":164,"minecraft:anvil":2,"minecraft:lava_bucket":6,"minecraft:iron_axe":3,"gobber2:gobber2_hammer":1,"gobber2:gobber2_gooey_beef":17,"tombstone:gift":1,"minecraft:cobbled_deepslate":119,"minecraft:green_bed":1,"minecraft:golden_apple":2,"minecraft:tnt":12,"tombstone:bag_of_seeds":1,"waystones:waystone":1,"minecraft:diamond_pickaxe":14,"minecraft:bread":16,"minecraft:cyan_bed":1,"minecraft:iron_pickaxe":533,"minecraft:cobblestone":33,"minecraft:bucket":6}},"DataVersion":3465}