{"stats":{"minecraft:killed_by":{"majruszsdifficulty:cursed_armor":1},"minecraft:dropped":{"minecraft:iron_ingot":14,"minecraft:bread":3,"minecraft:iron_sword":1,"minecraft:crafting_table":1,"minecraft:cobblestone":1,"minecraft:iron_helmet":2,"minecraft:leather":5,"minecraft:stick":6,"minecraft:cobweb":2,"ars_nouveau:imbuement_chamber":1,"minecraft:wooden_axe":1,"tombstone:grave_dust":1,"minecraft:iron_pickaxe":1,"gobber2:gobber2_gooey_bread":5,"minecraft:bone":36,"ars_nouveau:wilden_spike":2,"minecraft:cobbled_deepslate":2,"ars_nouveau:archwood_planks":20,"minecraft:wheat":16,"minecraft:raw_iron":22,"gobber2:gobber2_gooey_beef":3,"minecraft:rotten_flesh":1,"minecraft:trident":1,"ars_elemental:earth_caster_tome":3,"tombstone:scroll_of_knowledge":1,"ars_nouveau:green_archwood_log":20,"sophisticatedbackpacks:copper_backpack":3},"minecraft:custom":{"lootr:looted_stat":17,"minecraft:mob_kills":30,"minecraft:interact_with_anvil":3,"minecraft:interact_with_crafting_table":4,"goblintraders:trade_with_goblin":3,"minecraft:damage_dealt_resisted":25,"minecraft:leave_game":1,"minecraft:time_since_death":73603,"minecraft:climb_one_cm":316,"minecraft:damage_resisted":0,"minecraft:sprint_one_cm":322657,"minecraft:walk_one_cm":233554,"minecraft:drop":91,"minecraft:talked_to_villager":1,"minecraft:play_time":113329,"minecraft:deaths":1,"minecraft:sneak_time":672,"minecraft:walk_under_water_one_cm":95,"tombstone:tomb_raiding":3,"minecraft:jump":553,"minecraft:interact_with_blast_furnace":4,"minecraft:walk_on_water_one_cm":631,"minecraft:total_world_time":113329,"minecraft:interact_with_furnace":1,"minecraft:sleep_in_bed":2,"minecraft:time_since_rest":44639,"minecraft:waystone_activated":1,"minecraft:damage_taken":3681,"minecraft:damage_absorbed":80,"minecraft:damage_dealt":7602,"minecraft:swim_one_cm":648,"minecraft:fly_one_cm":74241,"minecraft:player_kills":8,"minecraft:open_chest":49,"minecraft:crouch_one_cm":1415,"tombstone:undead_killed":9,"minecraft:fall_one_cm":13094},"minecraft:crafted":{"ars_nouveau:archwood_planks":40,"minecraft:air":0,"minecraft:diamond_pickaxe":1,"minecraft:stick":40,"minecraft:iron_ingot":6,"minecraft:torch":48},"minecraft:killed":{"minecraft:spider":17,"minecraft:skeleton":2,"minecraft:silverfish":1,"artifacts:mimic":2,"minecraft:husk":1,"minecraft:creeper":1,"minecraft:zombie":6},"minecraft:broken":{"minecraft:iron_pickaxe":2},"minecraft:mined":{"minecraft:large_amethyst_bud":1,"minecraft:tuff":1,"minecraft:deepslate_diamond_ore":1,"minecraft:budding_amethyst":7,"gobber2:gobber2_lucky_block":20,"minecraft:spawner":8,"minecraft:iron_ore":48,"minecraft:fire":3,"minecraft:cobbled_deepslate":3,"minecraft:andesite":19,"minecraft:deepslate_lapis_ore":5,"minecraft:anvil":2,"minecraft:deepslate_iron_ore":21,"minecraft:small_amethyst_bud":1,"minecraft:stone":155,"minecraft:green_bed":1,"minecraft:medium_amethyst_bud":2,"minecraft:amethyst_cluster":1,"minecraft:torch":2,"minecraft:calcite":4,"minecraft:copper_ore":6,"minecraft:cobblestone":6,"minecraft:deepslate_gold_ore":30,"minecraft:diorite":19,"minecraft:wall_torch":2,"minecraft:amethyst_block":60,"minecraft:tnt":2,"gobber2:gobber2_lucky_block_deepslate":31,"minecraft:grass":19,"ars_nouveau:mage_block":1,"minecraft:coal_ore":25,"minecraft:gravel":2,"minecraft:dripstone_block":5,"minecraft:dirt":7,"minecraft:cracked_stone_bricks":3,"minecraft:smooth_basalt":1,"ars_nouveau:imbuement_chamber":1,"minecraft:gold_ore":2,"minecraft:deepslate":28},"minecraft:picked_up":{"minecraft:wheat":16,"minecraft:chainmail_boots":1,"minecraft:anvil":2,"minecraft:lead":1,"minecraft:potion":1,"minecraft:enchanted_book":3,"minecraft:amethyst_block":60,"ars_nouveau:archwood_planks":20,"minecraft:string":28,"minecraft:raw_copper":27,"minecraft:flint_and_steel":1,"minecraft:cracked_stone_bricks":3,"minecraft:cobbled_deepslate":242,"ars_elemental:earth_caster_tome":1,"minecraft:calcite":4,"minecraft:iron_pickaxe":1,"artifacts:universal_attractor":1,"minecraft:raw_iron":68,"minecraft:stick":14,"apotheosis:gem":2,"minecraft:torch":18,"minecraft:green_bed":1,"tombstone:grave_dust":1,"minecraft:pointed_dripstone":1,"minecraft:diorite":18,"minecraft:trident":1,"ars_nouveau:green_archwood_log":9,"gobber2:gobber2_foo":6,"minecraft:tnt":29,"minecraft:stone_sword":1,"minecraft:arrow":7,"minecraft:rotten_flesh":12,"ars_nouveau:imbuement_chamber":2,"sophisticatedbackpacks:copper_backpack":2,"minecraft:obsidian":5,"minecraft:cobblestone":195,"minecraft:enchanting_table":1,"minecraft:andesite":96,"minecraft:leather":5,"gobber2:gobber2_gooey_beefstew":5,"minecraft:tuff":49,"minecraft:chainmail_chestplate":1,"minecraft:gunpowder":3,"minecraft:lapis_lazuli":32,"minecraft:dirt":7,"minecraft:spawner":4,"minecraft:bone":43,"gobber2:gobber2_gooey_beef":15,"minecraft:raw_gold":33,"minecraft:iron_ingot":2,"minecraft:cobweb":2,"gobber2:gobber2_globette":26,"tombstone:bag_of_seeds":1,"gobber2:gobber2_gooey_bread":16,"minecraft:smooth_basalt":1,"minecraft:dripstone_block":7,"minecraft:gravel":2,"minecraft:amethyst_shard":6,"minecraft:cyan_bed":1,"minecraft:spider_eye":25,"ars_nouveau:wilden_spike":2,"minecraft:diamond":1,"artifacts:golden_hook":1,"tombstone:scroll_of_knowledge":1,"minecraft:iron_helmet":2,"minecraft:crossbow":1,"minecraft:granite":2,"minecraft:coal":25,"gobber2:gobber2_goo":14},"minecraft:used":{"minecraft:trident":164,"gobber2:gobber2_goo":12,"minecraft:iron_shovel":2,"minecraft:flint_and_steel":13,"gobber2:gobber2_gooey_bread":8,"minecraft:chest":4,"minecraft:torch":162,"minecraft:anvil":1,"minecraft:iron_axe":3,"gobber2:gobber2_gooey_beef":14,"minecraft:cobbled_deepslate":48,"minecraft:green_bed":1,"minecraft:golden_apple":2,"minecraft:tnt":11,"tombstone:bag_of_seeds":1,"minecraft:diamond_pickaxe":10,"minecraft:bread":16,"minecraft:cyan_bed":1,"minecraft:iron_pickaxe":518,"minecraft:cobblestone":33}},"DataVersion":3465}