{"stats":{"minecraft:killed_by":{"minecraft:blaze":1,"majruszsdifficulty:cursed_armor":1,"minecraft:player":2,"minecraft:stray":1},"minecraft:dropped":{"minecraft:iron_sword":1,"minecraft:brown_mushroom":14,"minecraft:crafting_table":1,"mowziesmobs:umvuthana_mask_faith":1,"minecraft:leather":5,"ars_nouveau:imbuement_chamber":1,"minecraft:sand":8,"minecraft:iron_pickaxe":1,"gobber2:gobber2_gooey_bread":5,"minecraft:gold_ingot":32,"minecraft:bone":42,"ars_nouveau:wilden_spike":2,"minecraft:cobbled_deepslate":1844,"minecraft:wheat":16,"minecraft:rotten_flesh":10,"gobber2:gobber2_staff_ensnarement":3,"minecraft:mangrove_fence":2,"minecraft:chainmail_chestplate":1,"minecraft:poppy":1,"minecraft:trident":1,"gobber2:gobber2_chestplate":1,"minecraft:jungle_log":121,"tombstone:scroll_of_knowledge":1,"gobber2:gobber2_helmet":1,"minecraft:iron_bars":4,"minecraft:arrow":3,"minecraft:glass":2,"minecraft:beef":2,"minecraft:iron_ingot":14,"minecraft:bread":19,"minecraft:wheat_seeds":68,"minecraft:bookshelf":38,"minecraft:feather":30,"minecraft:iron_helmet":2,"minecraft:cobblestone":627,"minecraft:book":12,"minecraft:granite":203,"minecraft:copper_ingot":24,"minecraft:grass_block":3,"minecraft:coal":29,"minecraft:stick":6,"minecraft:cobweb":2,"minecraft:diorite":17,"minecraft:wooden_axe":1,"tombstone:grave_dust":7,"minecraft:iron_axe":1,"minecraft:string":5,"waystones:attuned_shard":1,"minecraft:redstone":145,"gobber2:gobber2_leggings":1,"gobber2:gobber2_boots":1,"minecraft:deepslate":18,"ars_nouveau:archwood_planks":20,"minecraft:tuff":175,"gobber2:gobber2_gooey_beef":3,"minecraft:raw_iron":22,"waystones:warp_plate":1,"minecraft:deepslate_bricks":64,"minecraft:stone":50,"minecraft:iron_chestplate":2,"minecraft:andesite":30,"ars_elemental:earth_caster_tome":3,"minecraft:oak_sapling":1,"ars_nouveau:green_archwood_log":20,"minecraft:stone_bricks":2,"sophisticatedbackpacks:copper_backpack":3,"minecraft:bow":1,"gobber2:gobber2_hammer":2,"minecraft:raw_gold":10},"minecraft:custom":{"lootr:looted_stat":23,"minecraft:interact_with_crafting_table":70,"goblintraders:trade_with_goblin":93,"minecraft:leave_game":5,"minecraft:time_since_death":64798,"minecraft:damage_resisted":0,"minecraft:sprint_one_cm":1158450,"minecraft:drop":321,"minecraft:talked_to_villager":18,"minecraft:play_time":393919,"minecraft:deaths":6,"tombstone:tomb_raiding":3,"minecraft:jump":2662,"minecraft:interact_with_brewingstand":7,"minecraft:walk_on_water_one_cm":1442,"minecraft:enchant_item":1,"minecraft:interact_with_furnace":40,"minecraft:traded_with_villager":36,"minecraft:sleep_in_bed":6,"minecraft:waystone_activated":2,"minecraft:damage_dealt":19651,"minecraft:player_kills":12,"minecraft:crouch_one_cm":9276,"tombstone:undead_killed":28,"minecraft:mob_kills":80,"minecraft:interact_with_anvil":16,"minecraft:damage_dealt_resisted":619,"minecraft:climb_one_cm":1087,"minecraft:walk_one_cm":824934,"minecraft:sneak_time":2153,"minecraft:walk_under_water_one_cm":125,"minecraft:interact_with_blast_furnace":4,"minecraft:total_world_time":393919,"minecraft:interact_with_stonecutter":2,"minecraft:time_since_rest":7352,"minecraft:damage_taken":13662,"minecraft:damage_absorbed":161,"minecraft:swim_one_cm":2544,"minecraft:fly_one_cm":597002,"minecraft:open_chest":354,"minecraft:fall_one_cm":72512},"minecraft:crafted":{"minecraft:oak_planks":8,"ars_nouveau:archwood_planks":124,"minecraft:blaze_powder":10,"minecraft:stone":65,"waystones:warp_plate":1,"minecraft:bookshelf":28,"minecraft:iron_bars":48,"minecraft:emerald":39,"gobber2:gobber2_ingot":30,"minecraft:crafting_table":2,"gobber2:gobber2_hammer":1,"minecraft:iron_helmet":2,"gobber2:gobber2_axe":1,"gobber2:gobber2_rod":10,"minecraft:copper_ingot":63,"minecraft:diamond_pickaxe":1,"minecraft:stick":1608,"minecraft:iron_ingot":66,"minecraft:gold_ingot":100,"minecraft:furnace":8,"minecraft:bone_meal":252,"minecraft:flint_and_steel":1,"gobber2:gobber2_glob":10,"minecraft:cooked_beef":13,"minecraft:jungle_planks":768,"minecraft:air":0,"gobber2:gobber2_staff_ensnarement":1,"waystones:warp_dust":8,"minecraft:torch":240},"minecraft:killed":{"minecraft:cave_spider":2,"minecraft:zombified_piglin":3,"minecraft:spider":17,"minecraft:skeleton":9,"mowziesmobs:umvuthana_crane":1,"minecraft:silverfish":1,"artifacts:mimic":2,"minecraft:creeper":1,"minecraft:sheep":1,"minecraft:zombie":11,"minecraft:cow":1,"minecraft:blaze":3,"mowziesmobs:umvuthana":21,"minecraft:husk":1,"minecraft:wither_skeleton":4},"minecraft:broken":{"mowziesmobs:umvuthana_mask_fury":1,"minecraft:iron_axe":1,"minecraft:iron_pickaxe":2,"minecraft:iron_helmet":1},"minecraft:mined":{"minecraft:large_amethyst_bud":1,"minecraft:granite":7,"minecraft:budding_amethyst":7,"gobber2:gobber2_ore_deepslate":21,"gobber2:gobber2_lucky_block":23,"minecraft:jungle_log":525,"minecraft:soul_soil":20,"minecraft:nether_wart":6,"minecraft:spawner":20,"minecraft:iron_ore":57,"minecraft:cobbled_deepslate":9,"minecraft:fire":10,"minecraft:fletching_table":1,"minecraft:deepslate_lapis_ore":11,"minecraft:anvil":3,"minecraft:small_amethyst_bud":1,"minecraft:iron_bars":1,"minecraft:green_bed":1,"minecraft:deepslate_redstone_ore":17,"minecraft:medium_amethyst_bud":2,"minecraft:soul_fire":1,"minecraft:amethyst_cluster":1,"minecraft:torch":10,"minecraft:calcite":4,"gobber2:gobber2_lucky_block_nether":2,"minecraft:mushroom_stem":18,"minecraft:nether_quartz_ore":5,"minecraft:cobblestone":7,"minecraft:sugar_cane":4,"minecraft:wall_torch":13,"minecraft:amethyst_block":60,"minecraft:deepslate_copper_ore":1,"minecraft:tnt":3,"minecraft:grass":100,"minecraft:dirt":17,"minecraft:smooth_basalt":1,"minecraft:netherrack":18,"minecraft:deepslate":634,"minecraft:tuff":38,"minecraft:deepslate_diamond_ore":4,"minecraft:brown_mushroom_block":170,"minecraft:andesite":21,"minecraft:deepslate_iron_ore":27,"minecraft:vine":9,"minecraft:rail":1,"minecraft:stone":208,"minecraft:bone_block":14,"minecraft:soul_sand":39,"minecraft:tall_grass":3,"minecraft:copper_ore":8,"minecraft:deepslate_gold_ore":46,"minecraft:diorite":24,"gobber2:gobber2_lucky_block_deepslate":36,"ars_nouveau:mage_block":1,"minecraft:coal_ore":30,"minecraft:gravel":16,"minecraft:dripstone_block":5,"minecraft:cobweb":29,"minecraft:cracked_stone_bricks":3,"minecraft:stone_bricks":1,"ars_nouveau:imbuement_chamber":1,"minecraft:gold_ore":2},"minecraft:picked_up":{"minecraft:wheat":16,"minecraft:iron_chestplate":2,"minecraft:chainmail_boots":1,"minecraft:anvil":3,"minecraft:lead":1,"minecraft:potion":2,"minecraft:enchanted_book":3,"tombstone:grave_key":1,"minecraft:golden_sword":1,"minecraft:amethyst_block":60,"minecraft:string":63,"minecraft:soul_soil":27,"minecraft:raw_copper":27,"minecraft:iron_leggings":1,"minecraft:experience_bottle":4,"minecraft:gold_nugget":5,"minecraft:cobbled_deepslate":6302,"ars_elemental:earth_caster_tome":1,"minecraft:calcite":4,"minecraft:iron_pickaxe":2,"minecraft:iron_boots":1,"minecraft:stick":39,"artifacts:universal_attractor":1,"apotheosis:gem":4,"minecraft:torch":43,"minecraft:green_bed":1,"minecraft:pointed_dripstone":1,"tombstone:grave_dust":11,"minecraft:diorite":35,"gobber2:gobber2_foo":9,"minecraft:stone_sword":2,"minecraft:rotten_flesh":30,"ars_nouveau:imbuement_chamber":2,"minecraft:bookshelf":10,"minecraft:blaze_rod":5,"minecraft:obsidian":8,"minecraft:iron_bars":5,"minecraft:cobblestone":908,"minecraft:enchanting_table":1,"minecraft:feather":51,"minecraft:andesite":126,"minecraft:jungle_log":525,"minecraft:copper_block":11,"gobber2:gobber2_leggings":2,"minecraft:flint":5,"minecraft:tuff":469,"gobber2:gobber2_gooey_bread_nether":3,"minecraft:lapis_lazuli":137,"minecraft:dirt":34,"gobber2:gobber2_helmet":1,"minecraft:bone":74,"minecraft:mangrove_fence":4,"minecraft:glass":4,"minecraft:bow":1,"gobber2:gobber2_gooey_beef":19,"minecraft:wheat_seeds":92,"minecraft:raw_gold":40,"gobber2:gobber2_globette":97,"minecraft:fletching_table":1,"gobber2:gobber2_gooey_bread":20,"gobber2:gobber2_rod_nether":3,"minecraft:cooked_porkchop":2,"gobber2:gobber2_staff_ensnarement":1,"gobber2:gobber2_chestplate":2,"minecraft:grass_block":4,"minecraft:cyan_bed":1,"artifacts:golden_hook":1,"minecraft:diamond":15,"minecraft:deepslate":41,"minecraft:crossbow":1,"minecraft:granite":205,"minecraft:bread":67,"minecraft:emerald":1,"minecraft:oak_sapling":2,"minecraft:netherrack":181,"gobber2:gobber2_boots":1,"gobber2:gobber2_goo":20,"minecraft:nether_wart":26,"minecraft:brown_mushroom":71,"minecraft:shield":1,"minecraft:stripped_mangrove_log":3,"ars_nouveau:archwood_planks":207,"minecraft:flint_and_steel":1,"minecraft:iron_axe":2,"minecraft:item_frame":1,"minecraft:cracked_stone_bricks":3,"minecraft:beef":4,"minecraft:jungle_sapling":30,"minecraft:poppy":1,"minecraft:light_gray_wool":1,"minecraft:sugar_cane":42,"minecraft:raw_iron":68,"minecraft:copper_ingot":50,"minecraft:trident":3,"minecraft:redstone":323,"mowziesmobs:umvuthana_mask_faith":4,"ars_nouveau:green_archwood_log":9,"minecraft:tnt":29,"minecraft:arrow":22,"gobber2:gobber2_gooey_beef_nether":2,"minecraft:deepslate_bricks":64,"mowziesmobs:umvuthana_mask_bliss":2,"minecraft:gold_ingot":40,"sophisticatedbackpacks:copper_backpack":2,"minecraft:glow_berries":2,"minecraft:mutton":3,"minecraft:rail":1,"minecraft:bone_block":28,"mowziesmobs:umvuthana_mask_fury":2,"gobber2:gobber2_gooey_beefstew":8,"minecraft:leather":5,"minecraft:oak_log":2,"minecraft:chainmail_chestplate":2,"minecraft:golden_boots":1,"minecraft:gunpowder":3,"minecraft:white_banner":1,"minecraft:spawner":10,"minecraft:stone_bricks":2,"mowziesmobs:umvuthana_mask_rage":5,"minecraft:iron_ingot":35,"minecraft:cobweb":2,"tombstone:bag_of_seeds":1,"minecraft:soul_sand":40,"minecraft:iron_sword":3,"mowziesmobs:umvuthana_mask_misery":4,"gobber2:gobber2_hammer":1,"minecraft:smooth_basalt":1,"minecraft:quartz":19,"minecraft:dripstone_block":7,"minecraft:gravel":11,"minecraft:amethyst_shard":34,"minecraft:spider_eye":25,"ars_nouveau:wilden_spike":2,"tombstone:scroll_of_knowledge":1,"minecraft:iron_helmet":2,"minecraft:coal":99,"minecraft:ender_pearl":3},"minecraft:used":{"gobber2:gobber2_goo":25,"minecraft:iron_shovel":87,"gobber2:gobber2_gooey_bread":15,"minecraft:chest":4,"minecraft:iron_sword":141,"minecraft:nether_wart":24,"minecraft:mutton":3,"minecraft:soul_sand":19,"minecraft:obsidian":10,"minecraft:jungle_sapling":20,"minecraft:lava_bucket":18,"gobber2:gobber2_hammer":941,"mowziesmobs:umvuthana_mask_rage":1,"ars_nouveau:sourceberry_bush":5,"minecraft:furnace":8,"minecraft:oak_planks":3,"minecraft:sugar_cane":42,"minecraft:golden_apple":4,"minecraft:glow_berries":2,"ars_nouveau:archwood_planks":13,"gobber2:gobber2_gooey_bread_nether":3,"waystones:waystone":1,"gobber2:gobber2_gooey_beefstew":8,"minecraft:cyan_bed":1,"minecraft:bread":51,"gobber2:gobber2_axe":540,"tombstone:grave_key":1,"minecraft:deepslate":4,"minecraft:bone_meal":17,"minecraft:trident":278,"minecraft:iron_bars":42,"minecraft:flint_and_steel":15,"minecraft:netherrack":4,"minecraft:torch":263,"minecraft:brewing_stand":1,"minecraft:anvil":3,"minecraft:iron_axe":190,"gobber2:gobber2_staff_ensnarement":9,"gobber2:gobber2_gooey_beef":21,"minecraft:beef":4,"minecraft:soul_soil":13,"waystones:warp_plate":1,"tombstone:gift":6,"minecraft:cooked_beef":1,"minecraft:cobbled_deepslate":312,"minecraft:fletching_table":1,"minecraft:stonecutter":1,"minecraft:green_bed":1,"minecraft:tnt":12,"minecraft:crafting_table":2,"tombstone:bag_of_seeds":1,"minecraft:diamond_pickaxe":51,"minecraft:apple":1,"minecraft:iron_pickaxe":533,"minecraft:cobblestone":34,"minecraft:cooked_porkchop":5,"minecraft:bucket":18,"gobber2:gobber2_gooey_beef_nether":2}},"DataVersion":3465}