{"stats":{"minecraft:killed_by":{"minecraft:player":2,"minecraft:stray":1,"majruszsdifficulty:cursed_armor":1},"minecraft:dropped":{"minecraft:iron_ingot":14,"minecraft:bread":3,"minecraft:iron_sword":1,"minecraft:wheat_seeds":68,"minecraft:crafting_table":1,"minecraft:bookshelf":38,"minecraft:iron_helmet":2,"mowziesmobs:umvuthana_mask_faith":1,"minecraft:feather":30,"minecraft:cobblestone":627,"minecraft:leather":5,"minecraft:granite":146,"minecraft:copper_ingot":24,"minecraft:coal":29,"minecraft:stick":6,"minecraft:cobweb":2,"ars_nouveau:imbuement_chamber":1,"minecraft:diorite":17,"minecraft:wooden_axe":1,"tombstone:grave_dust":7,"minecraft:iron_axe":1,"minecraft:iron_pickaxe":1,"minecraft:string":5,"gobber2:gobber2_gooey_bread":5,"waystones:attuned_shard":1,"minecraft:redstone":81,"minecraft:bone":42,"ars_nouveau:wilden_spike":2,"minecraft:cobbled_deepslate":1778,"minecraft:deepslate":16,"ars_nouveau:archwood_planks":20,"minecraft:tuff":111,"minecraft:wheat":16,"minecraft:raw_iron":22,"gobber2:gobber2_gooey_beef":3,"minecraft:rotten_flesh":6,"waystones:warp_plate":1,"gobber2:gobber2_staff_ensnarement":1,"minecraft:mangrove_fence":2,"minecraft:chainmail_chestplate":1,"minecraft:deepslate_bricks":64,"minecraft:poppy":1,"minecraft:trident":1,"minecraft:iron_chestplate":2,"minecraft:andesite":30,"ars_elemental:earth_caster_tome":3,"minecraft:oak_sapling":1,"tombstone:scroll_of_knowledge":1,"ars_nouveau:green_archwood_log":20,"minecraft:stone_bricks":2,"gobber2:gobber2_hammer":2,"sophisticatedbackpacks:copper_backpack":3,"minecraft:iron_bars":4,"minecraft:arrow":3,"minecraft:bow":1,"minecraft:beef":2,"minecraft:raw_gold":10},"minecraft:custom":{"lootr:looted_stat":22,"minecraft:interact_with_anvil":6,"minecraft:mob_kills":65,"minecraft:interact_with_crafting_table":62,"goblintraders:trade_with_goblin":93,"minecraft:damage_dealt_resisted":500,"minecraft:leave_game":3,"minecraft:time_since_death":122978,"minecraft:climb_one_cm":344,"minecraft:damage_resisted":0,"minecraft:sprint_one_cm":808606,"minecraft:walk_one_cm":607179,"minecraft:drop":251,"minecraft:talked_to_villager":4,"minecraft:play_time":297532,"minecraft:sneak_time":1652,"minecraft:deaths":5,"minecraft:walk_under_water_one_cm":125,"tombstone:tomb_raiding":3,"minecraft:jump":2005,"minecraft:interact_with_blast_furnace":4,"minecraft:walk_on_water_one_cm":1262,"minecraft:total_world_time":297532,"minecraft:interact_with_furnace":36,"minecraft:interact_with_stonecutter":2,"minecraft:sleep_in_bed":3,"minecraft:time_since_rest":122868,"minecraft:waystone_activated":2,"minecraft:damage_taken":9267,"minecraft:damage_absorbed":161,"minecraft:damage_dealt":14887,"minecraft:swim_one_cm":2544,"minecraft:fly_one_cm":448846,"minecraft:player_kills":12,"minecraft:open_chest":211,"minecraft:crouch_one_cm":5910,"tombstone:undead_killed":16,"minecraft:fall_one_cm":51588},"minecraft:crafted":{"minecraft:oak_planks":8,"ars_nouveau:archwood_planks":124,"minecraft:furnace":8,"minecraft:stone":36,"waystones:warp_plate":1,"minecraft:bookshelf":28,"gobber2:gobber2_glob":10,"minecraft:cooked_beef":13,"minecraft:emerald":3,"gobber2:gobber2_ingot":30,"minecraft:crafting_table":2,"gobber2:gobber2_hammer":1,"minecraft:iron_helmet":1,"gobber2:gobber2_rod":6,"minecraft:copper_ingot":63,"minecraft:air":0,"minecraft:diamond_pickaxe":1,"minecraft:stick":72,"minecraft:iron_ingot":66,"minecraft:gold_ingot":90,"waystones:warp_dust":8,"minecraft:torch":240},"minecraft:killed":{"minecraft:cave_spider":2,"minecraft:spider":17,"minecraft:skeleton":4,"mowziesmobs:umvuthana_crane":1,"minecraft:silverfish":1,"mowziesmobs:umvuthana":21,"artifacts:mimic":2,"minecraft:husk":1,"minecraft:creeper":1,"minecraft:sheep":1,"minecraft:zombie":11,"minecraft:cow":1},"minecraft:broken":{"mowziesmobs:umvuthana_mask_fury":1,"minecraft:iron_pickaxe":2,"minecraft:iron_helmet":1},"minecraft:mined":{"minecraft:large_amethyst_bud":1,"minecraft:tuff":38,"minecraft:deepslate_diamond_ore":4,"minecraft:budding_amethyst":7,"minecraft:granite":7,"gobber2:gobber2_ore_deepslate":21,"gobber2:gobber2_lucky_block":23,"minecraft:spawner":16,"minecraft:iron_ore":57,"minecraft:fire":9,"minecraft:cobbled_deepslate":5,"minecraft:andesite":21,"minecraft:anvil":3,"minecraft:deepslate_lapis_ore":11,"minecraft:deepslate_iron_ore":27,"minecraft:vine":1,"minecraft:rail":1,"minecraft:small_amethyst_bud":1,"minecraft:stone":208,"minecraft:green_bed":1,"minecraft:deepslate_redstone_ore":17,"minecraft:medium_amethyst_bud":2,"minecraft:amethyst_cluster":1,"minecraft:torch":7,"minecraft:calcite":4,"minecraft:copper_ore":8,"minecraft:tall_grass":2,"minecraft:cobblestone":7,"minecraft:deepslate_gold_ore":46,"minecraft:wall_torch":13,"minecraft:diorite":24,"minecraft:amethyst_block":60,"minecraft:deepslate_copper_ore":1,"minecraft:tnt":3,"gobber2:gobber2_lucky_block_deepslate":36,"minecraft:grass":98,"ars_nouveau:mage_block":1,"minecraft:coal_ore":30,"minecraft:gravel":11,"minecraft:dripstone_block":5,"minecraft:dirt":17,"minecraft:cobweb":23,"minecraft:smooth_basalt":1,"minecraft:cracked_stone_bricks":3,"minecraft:stone_bricks":1,"ars_nouveau:imbuement_chamber":1,"minecraft:gold_ore":2,"minecraft:deepslate":613},"minecraft:picked_up":{"minecraft:iron_chestplate":2,"minecraft:wheat":16,"minecraft:chainmail_boots":1,"minecraft:anvil":3,"minecraft:lead":1,"minecraft:potion":2,"minecraft:enchanted_book":3,"minecraft:shield":1,"minecraft:amethyst_block":60,"minecraft:stripped_mangrove_log":3,"ars_nouveau:archwood_planks":207,"minecraft:string":57,"minecraft:raw_copper":27,"minecraft:iron_axe":1,"minecraft:flint_and_steel":1,"minecraft:iron_leggings":1,"minecraft:item_frame":1,"minecraft:experience_bottle":4,"minecraft:cracked_stone_bricks":3,"minecraft:cobbled_deepslate":6036,"ars_elemental:earth_caster_tome":1,"minecraft:beef":4,"minecraft:calcite":4,"minecraft:poppy":1,"minecraft:iron_pickaxe":1,"minecraft:light_gray_wool":1,"minecraft:iron_boots":1,"artifacts:universal_attractor":1,"minecraft:stick":14,"minecraft:raw_iron":68,"apotheosis:gem":3,"minecraft:copper_ingot":50,"minecraft:torch":37,"minecraft:green_bed":1,"minecraft:pointed_dripstone":1,"tombstone:grave_dust":7,"minecraft:diorite":35,"minecraft:trident":1,"minecraft:redstone":323,"ars_nouveau:green_archwood_log":9,"mowziesmobs:umvuthana_mask_faith":4,"gobber2:gobber2_foo":9,"minecraft:tnt":29,"minecraft:stone_sword":1,"minecraft:arrow":11,"minecraft:rotten_flesh":20,"minecraft:deepslate_bricks":64,"ars_nouveau:imbuement_chamber":2,"mowziesmobs:umvuthana_mask_bliss":2,"minecraft:bookshelf":10,"minecraft:gold_ingot":40,"sophisticatedbackpacks:copper_backpack":2,"minecraft:glow_berries":2,"minecraft:obsidian":8,"minecraft:mutton":3,"minecraft:iron_bars":4,"minecraft:rail":1,"minecraft:cobblestone":908,"minecraft:enchanting_table":1,"mowziesmobs:umvuthana_mask_fury":2,"minecraft:feather":51,"minecraft:andesite":126,"gobber2:gobber2_gooey_beefstew":8,"minecraft:leather":5,"minecraft:copper_block":11,"minecraft:flint":2,"minecraft:tuff":469,"minecraft:oak_log":2,"minecraft:chainmail_chestplate":2,"minecraft:gunpowder":3,"minecraft:lapis_lazuli":137,"minecraft:dirt":34,"minecraft:white_banner":1,"minecraft:spawner":8,"minecraft:mangrove_fence":4,"minecraft:bone":54,"minecraft:stone_bricks":2,"mowziesmobs:umvuthana_mask_rage":5,"minecraft:bow":1,"gobber2:gobber2_gooey_beef":19,"minecraft:wheat_seeds":92,"minecraft:raw_gold":39,"minecraft:iron_ingot":35,"minecraft:cobweb":2,"gobber2:gobber2_globette":97,"tombstone:bag_of_seeds":1,"gobber2:gobber2_hammer":1,"mowziesmobs:umvuthana_mask_misery":4,"gobber2:gobber2_gooey_bread":20,"minecraft:smooth_basalt":1,"minecraft:cooked_porkchop":2,"minecraft:dripstone_block":7,"minecraft:gravel":9,"minecraft:amethyst_shard":34,"minecraft:cyan_bed":1,"minecraft:spider_eye":25,"ars_nouveau:wilden_spike":2,"artifacts:golden_hook":1,"minecraft:diamond":15,"minecraft:deepslate":37,"tombstone:scroll_of_knowledge":1,"minecraft:iron_helmet":2,"minecraft:crossbow":1,"minecraft:granite":205,"minecraft:bread":67,"minecraft:oak_sapling":1,"minecraft:coal":95,"gobber2:gobber2_goo":20,"minecraft:ender_pearl":3},"minecraft:used":{"minecraft:trident":243,"gobber2:gobber2_goo":25,"minecraft:iron_shovel":21,"minecraft:flint_and_steel":14,"gobber2:gobber2_gooey_bread":15,"minecraft:chest":4,"minecraft:iron_sword":78,"minecraft:torch":253,"minecraft:mutton":3,"minecraft:anvil":2,"minecraft:lava_bucket":18,"minecraft:iron_axe":3,"gobber2:gobber2_hammer":885,"gobber2:gobber2_staff_ensnarement":3,"gobber2:gobber2_gooey_beef":19,"mowziesmobs:umvuthana_mask_rage":1,"minecraft:beef":4,"waystones:warp_plate":1,"minecraft:furnace":8,"ars_nouveau:sourceberry_bush":5,"tombstone:gift":6,"minecraft:cooked_beef":1,"minecraft:cobbled_deepslate":298,"minecraft:oak_planks":3,"minecraft:stonecutter":1,"minecraft:green_bed":1,"minecraft:golden_apple":4,"minecraft:glow_berries":2,"minecraft:tnt":12,"minecraft:crafting_table":2,"ars_nouveau:archwood_planks":13,"tombstone:bag_of_seeds":1,"waystones:waystone":1,"minecraft:diamond_pickaxe":43,"minecraft:apple":1,"gobber2:gobber2_gooey_beefstew":5,"minecraft:bread":22,"minecraft:cyan_bed":1,"minecraft:iron_pickaxe":533,"minecraft:deepslate":4,"tombstone:grave_key":1,"minecraft:cobblestone":34,"minecraft:bucket":18,"minecraft:cooked_porkchop":5}},"DataVersion":3465}