{"stats":{"minecraft:dropped":{"minecraft:spruce_sign":1,"minecraft:iron_sword":1,"minecraft:warped_stem":2,"minecraft:moss_block":1,"minecraft:brown_mushroom":14,"minecraft:cooked_beef":4,"minecraft:diamond":5,"minecraft:ender_pearl":1,"minecraft:crafting_table":1,"mowziesmobs:umvuthana_mask_faith":1,"minecraft:leather":12,"artifacts:night_vision_goggles":1,"ars_nouveau:imbuement_chamber":1,"minecraft:dirt":2,"gobber2:gobber2_goo_nether":5,"gobber2:gobber2_gooey_bread_nether":2,"minecraft:jungle_sapling":1,"minecraft:writable_book":1,"minecraft:sand":8,"minecraft:iron_pickaxe":2,"gobber2:gobber2_gooey_bread":5,"minecraft:gold_ingot":32,"minecraft:bone":53,"minecraft:gravel":4,"minecraft:stone_axe":1,"ars_nouveau:wilden_spike":2,"minecraft:cobbled_deepslate":2436,"minecraft:black_carpet":1,"minecraft:wheat":18,"minecraft:rotten_flesh":15,"minecraft:honey_bottle":1,"minecraft:white_bed":1,"gobber2:gobber2_staff_ensnarement":4,"minecraft:mangrove_fence":2,"minecraft:chainmail_chestplate":1,"minecraft:poppy":1,"minecraft:trident":1,"minecraft:jungle_log":121,"gobber2:gobber2_chestplate":1,"minecraft:ladder":1,"tombstone:scroll_of_knowledge":1,"minecraft:arrow":8,"minecraft:iron_bars":13,"minecraft:basalt":46,"gobber2:gobber2_helmet":2,"minecraft:glass":4,"minecraft:beef":2,"minecraft:warped_wart_block":22,"minecraft:quartz":5,"minecraft:stone_brick_stairs":1,"minecraft:netherrack":144,"minecraft:spawner":8,"minecraft:iron_ingot":46,"minecraft:bread":29,"minecraft:oak_slab":2,"minecraft:wheat_seeds":69,"minecraft:deepslate_brick_wall":4,"minecraft:bookshelf":38,"minecraft:iron_helmet":5,"minecraft:feather":30,"minecraft:cobblestone":627,"minecraft:book":12,"minecraft:granite":203,"minecraft:copper_ingot":24,"minecraft:grass_block":3,"minecraft:coal":31,"minecraft:stick":6,"minecraft:cobweb":2,"minecraft:diorite":17,"minecraft:wooden_axe":1,"minecraft:diamond_helmet":1,"tombstone:grave_dust":7,"minecraft:iron_axe":1,"minecraft:string":5,"minecraft:gray_carpet":5,"waystones:attuned_shard":1,"minecraft:redstone":223,"minecraft:polished_deepslate":13,"minecraft:anvil":1,"gobber2:gobber2_leggings":1,"minecraft:coarse_dirt":7,"gobber2:gobber2_boots":1,"minecraft:deepslate":18,"ars_nouveau:archwood_planks":20,"minecraft:tuff":369,"minecraft:experience_bottle":4,"minecraft:raw_iron":22,"gobber2:gobber2_gooey_beef":3,"minecraft:name_tag":1,"gobber2:gobber2_axe":1,"waystones:warp_plate":1,"minecraft:spruce_fence":2,"minecraft:deepslate_bricks":64,"minecraft:shroomlight":1,"minecraft:stone":50,"minecraft:iron_chestplate":2,"minecraft:andesite":30,"ars_elemental:earth_caster_tome":3,"minecraft:oak_sapling":4,"gobber2:gobber2_pickaxe":1,"ars_nouveau:green_archwood_log":20,"minecraft:stone_bricks":7,"artifacts:cross_necklace":2,"minecraft:spruce_log":6,"sophisticatedbackpacks:copper_backpack":3,"minecraft:bow":1,"gobber2:gobber2_hammer":3,"minecraft:raw_gold":10,"minecraft:calcite":5},"minecraft:crafted":{"minecraft:oak_planks":8,"ars_nouveau:archwood_planks":124,"minecraft:blaze_powder":10,"minecraft:stone":78,"waystones:warp_plate":1,"minecraft:bookshelf":28,"minecraft:iron_bars":48,"minecraft:glass":40,"gobber2:gobber2_pickaxe":1,"minecraft:emerald":72,"gobber2:gobber2_ingot":51,"gobber2:gobber2_ingot_nether":15,"gobber2:gobber2_glob_nether":53,"minecraft:crafting_table":3,"minecraft:jungle_boat":1,"gobber2:gobber2_hammer":1,"gobber2:gobber2_axe":1,"minecraft:iron_helmet":2,"gobber2:gobber2_rod":16,"minecraft:copper_ingot":63,"minecraft:diamond_pickaxe":1,"minecraft:stick":1612,"minecraft:iron_ingot":126,"minecraft:iron_block":3,"minecraft:gold_ingot":100,"minecraft:experience_bottle":13,"minecraft:furnace":8,"minecraft:bone_meal":252,"minecraft:flint_and_steel":1,"gobber2:gobber2_glob":17,"minecraft:glowstone_dust":28,"gobber2:gobber2_ring_nether":1,"minecraft:netherite_scrap":10,"minecraft:cooked_beef":13,"minecraft:sugar":15,"simplyswords:gobber_compat/gobber_nether/gobber_nether_twinblade":1,"minecraft:jungle_planks":1104,"minecraft:air":0,"minecraft:bread":8,"gobber2:gobber2_staff_ensnarement":3,"minecraft:fermented_spider_eye":3,"minecraft:anvil":1,"waystones:warp_dust":8,"minecraft:torch":240},"minecraft:picked_up":{"minecraft:iron_chestplate":2,"minecraft:wheat":44,"minecraft:black_carpet":1,"minecraft:chainmail_boots":2,"minecraft:flower_pot":9,"minecraft:anvil":3,"minecraft:lead":1,"minecraft:diamond_sword":5,"minecraft:potion":3,"minecraft:wither_rose":2,"minecraft:enchanted_book":6,"minecraft:stone_brick_stairs":2,"tombstone:grave_key":1,"minecraft:golden_sword":1,"minecraft:amethyst_block":60,"gobber2:gobber2_axe":1,"minecraft:polished_deepslate":13,"minecraft:string":109,"minecraft:soul_soil":35,"minecraft:raw_copper":27,"minecraft:iron_leggings":2,"gobber2:gobber2_ore_deepslate":1,"gobber2:gobber2_glass_nether":11,"minecraft:experience_bottle":4,"minecraft:shroomlight":1,"minecraft:gold_nugget":373,"minecraft:cobbled_deepslate":10490,"artifacts:aqua_dashers":1,"minecraft:spruce_planks":4,"ars_elemental:earth_caster_tome":1,"minecraft:calcite":9,"minecraft:iron_pickaxe":3,"minecraft:iron_boots":3,"minecraft:tipped_arrow":2,"minecraft:golden_helmet":1,"minecraft:stick":39,"artifacts:universal_attractor":1,"apotheosis:gem":25,"minecraft:deepslate_brick_wall":4,"minecraft:torch":49,"minecraft:green_bed":1,"minecraft:porkchop":1,"minecraft:pointed_dripstone":1,"tombstone:grave_dust":18,"minecraft:diorite":41,"gobber2:gobber2_foo":11,"simplyswords:gobber_compat/gobber_nether/gobber_nether_twinblade":1,"minecraft:stone_sword":3,"minecraft:honey_bottle":1,"minecraft:rotten_flesh":52,"ars_nouveau:imbuement_chamber":2,"minecraft:iron_block":1,"minecraft:glowstone":7,"minecraft:bookshelf":10,"minecraft:blaze_rod":5,"minecraft:obsidian":11,"minecraft:iron_bars":7,"minecraft:cobblestone":922,"minecraft:enchanting_table":1,"minecraft:polished_diorite_slab":3,"minecraft:feather":51,"minecraft:jungle_log":525,"minecraft:andesite":239,"minecraft:copper_block":11,"gobber2:gobber2_leggings":2,"minecraft:flint":10,"minecraft:tuff":1168,"gobber2:gobber2_gooey_bread_nether":22,"minecraft:wither_skeleton_skull":1,"minecraft:lapis_lazuli":325,"minecraft:dirt":37,"artifacts:flippers":1,"gobber2:gobber2_ore_nether":5,"gobber2:gobber2_helmet":2,"minecraft:mangrove_fence":4,"minecraft:glass":5,"minecraft:bone":105,"minecraft:wheat_seeds":164,"minecraft:bow":4,"gobber2:gobber2_gooey_beef":21,"ars_nouveau:source_gem":1,"minecraft:raw_gold":40,"minecraft:mossy_stone_bricks":1,"gobber2:gobber2_globette":419,"minecraft:fletching_table":1,"minecraft:diamond_helmet":1,"minecraft:moss_block":1,"minecraft:mossy_stone_brick_stairs":1,"minecraft:oak_planks":9,"gobber2:gobber2_gooey_bread":23,"gobber2:gobber2_rod_nether":13,"minecraft:cooked_porkchop":2,"minecraft:warped_wart_block":22,"gobber2:gobber2_staff_ensnarement":2,"minecraft:polished_blackstone_slab":4,"gobber2:gobber2_chestplate":2,"minecraft:sand":29,"minecraft:fermented_spider_eye":1,"minecraft:cyan_bed":1,"minecraft:grass_block":4,"minecraft:lily_of_the_valley":5,"ars_nouveau:wilden_horn":3,"minecraft:mossy_cobblestone":4,"minecraft:iron_hoe":1,"artifacts:golden_hook":1,"minecraft:diamond":20,"minecraft:deepslate":209,"waystones:waystone":1,"minecraft:writable_book":1,"minecraft:cracked_polished_blackstone_bricks":9,"minecraft:crossbow":1,"minecraft:granite":241,"minecraft:chainmail_helmet":1,"minecraft:spruce_sign":1,"minecraft:emerald":1,"minecraft:bread":72,"minecraft:oak_sapling":6,"minecraft:netherrack":9382,"gobber2:gobber2_goo":25,"gobber2:gobber2_boots":1,"sophisticatedbackpacks:gold_backpack":1,"minecraft:coarse_dirt":7,"minecraft:ladder":1,"artifacts:night_vision_goggles":1,"minecraft:nether_wart":26,"minecraft:brown_mushroom":71,"minecraft:shield":3,"minecraft:stripped_mangrove_log":3,"minecraft:cornflower":3,"ars_nouveau:archwood_planks":207,"minecraft:iron_axe":3,"minecraft:flint_and_steel":1,"minecraft:item_frame":9,"minecraft:blackstone":387,"minecraft:cracked_stone_bricks":3,"minecraft:deepslate_diamond_ore":12,"minecraft:beef":4,"minecraft:player_head":3,"minecraft:jungle_sapling":32,"minecraft:poppy":1,"minecraft:light_gray_wool":1,"minecraft:sugar_cane":58,"minecraft:egg":1,"minecraft:raw_iron":68,"minecraft:stone":60,"minecraft:copper_ingot":64,"minecraft:spruce_fence":2,"minecraft:polished_blackstone_bricks":15,"minecraft:cookie":5,"minecraft:trident":3,"minecraft:redstone":425,"ars_nouveau:green_archwood_log":9,"mowziesmobs:umvuthana_mask_faith":4,"minecraft:tnt":42,"gobber2:gobber2_globette_nether":483,"minecraft:arrow":41,"artifacts:cowboy_hat":1,"minecraft:diamond_chestplate":1,"gobber2:gobber2_gooey_beef_nether":11,"minecraft:deepslate_bricks":64,"artifacts:snowshoes":1,"artifacts:cross_necklace":2,"mowziesmobs:umvuthana_mask_bliss":2,"minecraft:polished_blackstone":2,"tombstone:essence_of_undeath":2,"minecraft:gold_ingot":198,"sophisticatedbackpacks:copper_backpack":2,"minecraft:glow_berries":2,"minecraft:mutton":3,"minecraft:bone_block":45,"minecraft:rail":1,"mowziesmobs:umvuthana_mask_fury":2,"minecraft:jungle_boat":2,"minecraft:basalt":46,"gobber2:gobber2_gooey_beefstew":8,"minecraft:leather":5,"ars_nouveau:wilden_wing":6,"minecraft:oak_log":2,"minecraft:chainmail_chestplate":3,"minecraft:ancient_debris":9,"minecraft:golden_boots":1,"minecraft:gunpowder":3,"minecraft:white_banner":1,"minecraft:spawner":16,"minecraft:stone_bricks":11,"minecraft:gray_carpet":5,"mowziesmobs:umvuthana_mask_rage":5,"minecraft:warped_stem":2,"minecraft:iron_ingot":123,"minecraft:cobweb":2,"tombstone:bag_of_seeds":1,"gobber2:gobber2_gooey_beefstew_nether":6,"minecraft:iron_sword":4,"mowziesmobs:umvuthana_mask_misery":4,"minecraft:soul_sand":45,"gobber2:gobber2_hammer":2,"minecraft:book":63,"minecraft:oak_slab":2,"minecraft:smooth_basalt":1,"minecraft:nether_quartz_ore":8,"minecraft:quartz":423,"minecraft:raw_iron_block":1,"minecraft:dripstone_block":7,"minecraft:gravel":16,"minecraft:amethyst_shard":34,"minecraft:white_bed":3,"minecraft:spruce_log":6,"minecraft:mossy_stone_brick_slab":1,"minecraft:spider_eye":49,"minecraft:leather_helmet":1,"ars_nouveau:wilden_spike":2,"minecraft:slime_ball":490,"minecraft:stone_axe":2,"tombstone:scroll_of_knowledge":1,"minecraft:iron_helmet":6,"minecraft:lodestone":1,"tombstone:magic_scroll":1,"minecraft:coal":102,"gobber2:gobber2_goo_nether":16,"minecraft:ender_pearl":3},"minecraft:mined":{"minecraft:large_amethyst_bud":1,"minecraft:spruce_planks":4,"minecraft:white_bed":2,"minecraft:red_nether_bricks":2,"minecraft:obsidian":6,"minecraft:granite":11,"minecraft:budding_amethyst":7,"minecraft:grass_block":1,"gobber2:gobber2_ore_deepslate":82,"gobber2:gobber2_lucky_block":23,"minecraft:jungle_log":525,"minecraft:cracked_polished_blackstone_bricks":4,"minecraft:soul_soil":27,"minecraft:nether_wart":6,"minecraft:spawner":38,"minecraft:polished_blackstone_bricks":1,"minecraft:raw_iron_block":1,"minecraft:iron_ore":57,"minecraft:fire":20,"minecraft:cobbled_deepslate":19,"gobber2:gobber2_ore_nether":58,"minecraft:anvil":3,"minecraft:deepslate_lapis_ore":16,"minecraft:fletching_table":1,"minecraft:small_amethyst_bud":1,"minecraft:iron_bars":2,"minecraft:potted_cornflower":3,"minecraft:green_bed":1,"minecraft:deepslate_redstone_ore":23,"minecraft:blackstone":47,"minecraft:medium_amethyst_bud":2,"minecraft:soul_fire":8,"minecraft:amethyst_cluster":1,"minecraft:torch":14,"minecraft:calcite":4,"gobber2:gobber2_lucky_block_nether":21,"minecraft:mushroom_stem":18,"minecraft:polished_diorite_slab":1,"minecraft:nether_quartz_ore":43,"minecraft:glass":2,"minecraft:cobblestone":8,"minecraft:oak_planks":2,"minecraft:sugar_cane":11,"minecraft:wall_torch":15,"minecraft:amethyst_block":60,"minecraft:deepslate_copper_ore":1,"minecraft:warped_nylium":2,"minecraft:wheat":26,"minecraft:tnt":16,"minecraft:grass":112,"minecraft:dirt":22,"minecraft:smooth_basalt":1,"minecraft:netherrack":1111,"minecraft:deepslate":1178,"minecraft:nether_gold_ore":11,"minecraft:tuff":113,"minecraft:mossy_cobblestone":1,"minecraft:deepslate_diamond_ore":18,"minecraft:brown_mushroom_block":170,"minecraft:andesite":34,"minecraft:mossy_stone_brick_stairs":1,"minecraft:bookshelf":21,"minecraft:vine":17,"minecraft:shroomlight":3,"minecraft:deepslate_iron_ore":42,"minecraft:rail":1,"minecraft:warped_stem":10,"minecraft:stone":270,"minecraft:bone_block":22,"minecraft:soul_sand":39,"minecraft:potted_lily_of_the_valley":5,"minecraft:basalt":3,"minecraft:dandelion":2,"minecraft:copper_ore":8,"minecraft:tall_grass":6,"minecraft:deepslate_gold_ore":69,"minecraft:diorite":30,"minecraft:warped_wart_block":83,"gobber2:gobber2_lucky_block_deepslate":38,"ars_nouveau:mage_block":1,"minecraft:coal_ore":30,"minecraft:gravel":26,"minecraft:flower_pot":1,"minecraft:dripstone_block":5,"minecraft:lodestone":2,"minecraft:cobweb":35,"minecraft:cracked_stone_bricks":3,"minecraft:stone_bricks":1,"ars_nouveau:imbuement_chamber":1,"minecraft:gold_ore":2},"minecraft:used":{"apollyon:the_infector_spawn_egg":1,"minecraft:writable_book":2,"gobber2:gobber2_goo":28,"minecraft:iron_shovel":102,"minecraft:chest":4,"gobber2:gobber2_gooey_bread":16,"minecraft:shield":6,"minecraft:iron_sword":159,"minecraft:stone":42,"minecraft:nether_wart":24,"minecraft:rotten_flesh":7,"gobber2:gobber2_goo_nether":10,"minecraft:mutton":3,"minecraft:soul_sand":19,"minecraft:jungle_planks":12,"gobber2:gobber2_glass_nether":1,"minecraft:tuff":36,"minecraft:obsidian":28,"minecraft:glass":28,"minecraft:jungle_sapling":20,"minecraft:lava_bucket":39,"gobber2:gobber2_hammer":2917,"mowziesmobs:umvuthana_mask_rage":1,"ars_nouveau:sourceberry_bush":5,"minecraft:furnace":8,"minecraft:egg":1,"minecraft:diorite":6,"minecraft:oak_planks":3,"tombstone:tablet_of_guard":3,"minecraft:sugar_cane":42,"minecraft:jungle_boat":2,"minecraft:cookie":5,"minecraft:golden_apple":4,"minecraft:glow_berries":2,"ars_nouveau:archwood_planks":13,"gobber2:gobber2_gooey_bread_nether":20,"waystones:waystone":2,"gobber2:gobber2_gooey_beefstew":8,"minecraft:bread":70,"minecraft:cyan_bed":1,"gobber2:gobber2_axe":687,"tombstone:grave_key":1,"minecraft:deepslate":52,"minecraft:diamond_sword":420,"minecraft:chest_minecart":1,"minecraft:bone_meal":17,"minecraft:trident":333,"minecraft:iron_bars":42,"minecraft:flint_and_steel":19,"minecraft:netherrack":256,"minecraft:torch":298,"minecraft:brewing_stand":1,"minecraft:dirt":1,"minecraft:anvil":3,"minecraft:iron_axe":190,"gobber2:gobber2_gooey_beef":21,"gobber2:gobber2_staff_ensnarement":53,"minecraft:golden_carrot":6,"minecraft:beef":4,"waystones:warp_plate":1,"minecraft:soul_soil":13,"tombstone:gift":7,"minecraft:cooked_beef":9,"minecraft:cobbled_deepslate":354,"minecraft:wheat_seeds":26,"minecraft:water_bucket":2,"minecraft:fletching_table":1,"minecraft:stonecutter":1,"minecraft:green_bed":1,"minecraft:rail":2,"minecraft:tnt":12,"minecraft:crafting_table":3,"minecraft:white_bed":3,"tombstone:bag_of_seeds":1,"minecraft:diamond_pickaxe":256,"minecraft:apple":1,"minecraft:iron_pickaxe":533,"gobber2:gobber2_gooey_beefstew_nether":6,"minecraft:cobblestone":34,"simplyswords:gobber_compat/gobber_nether/gobber_nether_twinblade":140,"minecraft:porkchop":1,"minecraft:cooked_porkchop":5,"minecraft:bucket":42,"gobber2:gobber2_gooey_beef_nether":4},"minecraft:killed":{"minecraft:cave_spider":4,"minecraft:zombified_piglin":3,"minecraft:spider":32,"minecraft:skeleton":28,"mowziesmobs:umvuthana_crane":1,"minecraft:silverfish":3,"artifacts:mimic":4,"minecraft:magma_cube":4,"minecraft:piglin":1,"arphex:spider_larvae_tiny":16,"arphex:spider_jump":1,"minecraft:creeper":1,"arphex:centipede_evictor_larvae":6,"minecraft:sheep":1,"minecraft:pillager":1,"minecraft:zombie":32,"minecraft:stray":2,"arphex:spider_larvae":1,"minecraft:blaze":5,"minecraft:cow":1,"arphex:spider_brood":1,"minecraft:slime":59,"mowziesmobs:umvuthana":21,"minecraft:husk":3,"majruszsdifficulty:cursed_armor":2,"minecraft:wither_skeleton":11},"minecraft:killed_by":{"minecraft:creeper":1,"minecraft:blaze":1,"majruszsdifficulty:cursed_armor":1,"minecraft:player":3,"minecraft:stray":1},"minecraft:broken":{"mowziesmobs:umvuthana_mask_fury":1,"minecraft:iron_axe":1,"minecraft:iron_pickaxe":2,"minecraft:iron_helmet":1},"minecraft:custom":{"lootr:looted_stat":114,"minecraft:interact_with_crafting_table":120,"goblintraders:trade_with_goblin":176,"minecraft:leave_game":9,"minecraft:time_since_death":111808,"minecraft:damage_resisted":1,"minecraft:sprint_one_cm":2465298,"minecraft:damage_blocked_by_shield":1057,"minecraft:drop":470,"minecraft:talked_to_villager":22,"minecraft:play_time":827579,"minecraft:deaths":8,"tombstone:tomb_raiding":3,"minecraft:interact_with_brewingstand":8,"minecraft:jump":5353,"minecraft:walk_on_water_one_cm":6419,"minecraft:enchant_item":17,"minecraft:interact_with_furnace":60,"minecraft:traded_with_villager":36,"minecraft:sleep_in_bed":11,"minecraft:waystone_activated":3,"minecraft:damage_dealt":50072,"minecraft:player_kills":13,"minecraft:crouch_one_cm":14249,"tombstone:undead_killed":79,"minecraft:horse_one_cm":1056898,"minecraft:interact_with_anvil":31,"minecraft:mob_kills":257,"minecraft:damage_dealt_resisted":1546,"minecraft:climb_one_cm":2242,"minecraft:walk_one_cm":1657716,"minecraft:damage_dealt_absorbed":120,"minecraft:sneak_time":5574,"minecraft:walk_under_water_one_cm":383,"minecraft:boat_one_cm":33547,"minecraft:interact_with_lectern":1,"minecraft:interact_with_blast_furnace":4,"minecraft:total_world_time":827579,"tombstone:raider_killed":1,"minecraft:interact_with_grindstone":6,"minecraft:interact_with_stonecutter":2,"minecraft:time_since_rest":98187,"minecraft:damage_taken":19822,"minecraft:damage_absorbed":161,"minecraft:swim_one_cm":5822,"minecraft:fly_one_cm":1219157,"minecraft:open_chest":556,"minecraft:fall_one_cm":126023}},"DataVersion":3465}