{"stats":{"minecraft:dropped":{"minecraft:trident":1},"minecraft:custom":{"minecraft:time_since_rest":4021,"minecraft:open_chest":40,"minecraft:waystone_activated":1,"minecraft:crouch_one_cm":13,"minecraft:play_time":29329,"minecraft:sprint_one_cm":5587,"minecraft:damage_taken":104,"minecraft:walk_one_cm":17817,"minecraft:sneak_time":28,"minecraft:drop":1,"minecraft:jump":46,"minecraft:leave_game":1,"minecraft:time_since_death":29329,"minecraft:sleep_in_bed":1,"minecraft:total_world_time":29329,"minecraft:interact_with_crafting_table":3,"minecraft:talked_to_villager":1,"minecraft:fall_one_cm":358,"minecraft:fly_one_cm":1651},"minecraft:mined":{"minecraft:grass":2,"minecraft:stone":1},"minecraft:picked_up":{"minecraft:trident":1,"minecraft:cobblestone":1},"minecraft:used":{"minecraft:trident":2,"gobber2:gobber2_goo":2,"minecraft:cobblestone":1,"minecraft:bread":5,"minecraft:iron_pickaxe":1,"minecraft:chest":4}},"DataVersion":3465}