{"stats":{"minecraft:killed_by":{"majruszsdifficulty:cursed_armor":1},"minecraft:dropped":{"minecraft:iron_ingot":14,"minecraft:bread":3,"minecraft:iron_sword":1,"ars_nouveau:wilden_spike":2,"minecraft:cobbled_deepslate":2,"minecraft:crafting_table":1,"ars_nouveau:archwood_planks":20,"minecraft:wheat":16,"minecraft:raw_iron":22,"minecraft:cobblestone":1,"minecraft:stick":6,"ars_nouveau:imbuement_chamber":1,"minecraft:cobweb":2,"minecraft:trident":1,"minecraft:wooden_axe":1,"ars_elemental:earth_caster_tome":3,"tombstone:scroll_of_knowledge":1,"tombstone:grave_dust":1,"ars_nouveau:green_archwood_log":15,"minecraft:iron_pickaxe":1,"minecraft:bone":36},"minecraft:custom":{"lootr:looted_stat":12,"minecraft:interact_with_furnace":1,"minecraft:interact_with_anvil":3,"minecraft:mob_kills":22,"minecraft:interact_with_crafting_table":4,"goblintraders:trade_with_goblin":3,"minecraft:damage_dealt_resisted":25,"minecraft:leave_game":1,"minecraft:time_since_death":61603,"minecraft:sleep_in_bed":2,"minecraft:damage_resisted":0,"minecraft:time_since_rest":32639,"minecraft:waystone_activated":1,"minecraft:sprint_one_cm":271026,"minecraft:walk_one_cm":206762,"minecraft:damage_taken":3406,"minecraft:damage_absorbed":80,"minecraft:drop":71,"minecraft:damage_dealt":6173,"minecraft:swim_one_cm":648,"minecraft:talked_to_villager":1,"minecraft:fly_one_cm":45818,"minecraft:player_kills":8,"minecraft:open_chest":49,"minecraft:crouch_one_cm":1280,"minecraft:play_time":101329,"tombstone:undead_killed":3,"minecraft:deaths":1,"minecraft:sneak_time":601,"minecraft:walk_under_water_one_cm":95,"tombstone:tomb_raiding":3,"minecraft:jump":427,"minecraft:interact_with_blast_furnace":4,"minecraft:walk_on_water_one_cm":631,"minecraft:total_world_time":101329,"minecraft:fall_one_cm":9863},"minecraft:crafted":{"ars_nouveau:archwood_planks":20,"minecraft:air":0,"minecraft:diamond_pickaxe":1,"minecraft:stick":40,"minecraft:iron_ingot":6,"minecraft:torch":48},"minecraft:killed":{"minecraft:husk":1,"minecraft:spider":17,"minecraft:skeleton":1,"minecraft:zombie":1,"artifacts:mimic":2},"minecraft:broken":{"minecraft:iron_pickaxe":2},"minecraft:mined":{"minecraft:large_amethyst_bud":1,"minecraft:tuff":1,"minecraft:medium_amethyst_bud":2,"minecraft:amethyst_cluster":1,"minecraft:torch":2,"minecraft:budding_amethyst":7,"minecraft:calcite":4,"gobber2:gobber2_lucky_block":20,"minecraft:copper_ore":6,"minecraft:cobblestone":4,"minecraft:deepslate_gold_ore":13,"minecraft:diorite":19,"minecraft:amethyst_block":60,"minecraft:spawner":2,"minecraft:iron_ore":48,"minecraft:cobbled_deepslate":3,"minecraft:fire":3,"minecraft:tnt":1,"minecraft:anvil":2,"minecraft:andesite":19,"minecraft:deepslate_lapis_ore":5,"gobber2:gobber2_lucky_block_deepslate":26,"minecraft:grass":19,"ars_nouveau:mage_block":1,"minecraft:coal_ore":25,"minecraft:deepslate_iron_ore":18,"minecraft:small_amethyst_bud":1,"minecraft:gravel":2,"minecraft:dripstone_block":5,"minecraft:dirt":7,"minecraft:smooth_basalt":1,"minecraft:cracked_stone_bricks":3,"minecraft:stone":155,"ars_nouveau:imbuement_chamber":1,"minecraft:gold_ore":2,"minecraft:deepslate":23,"minecraft:green_bed":1},"minecraft:picked_up":{"minecraft:enchanting_table":1,"minecraft:wheat":16,"minecraft:chainmail_boots":1,"minecraft:anvil":2,"minecraft:andesite":96,"gobber2:gobber2_gooey_beefstew":5,"minecraft:lead":1,"minecraft:enchanted_book":3,"minecraft:potion":1,"minecraft:tuff":49,"minecraft:amethyst_block":60,"minecraft:lapis_lazuli":32,"ars_nouveau:archwood_planks":20,"minecraft:string":27,"minecraft:dirt":7,"minecraft:raw_copper":27,"minecraft:flint_and_steel":1,"minecraft:spawner":1,"minecraft:bone":40,"minecraft:cracked_stone_bricks":3,"gobber2:gobber2_gooey_beef":11,"minecraft:cobbled_deepslate":236,"minecraft:raw_gold":17,"ars_elemental:earth_caster_tome":1,"minecraft:iron_ingot":2,"minecraft:cobweb":2,"gobber2:gobber2_globette":26,"minecraft:calcite":4,"minecraft:iron_pickaxe":1,"gobber2:gobber2_gooey_bread":13,"minecraft:stick":6,"minecraft:raw_iron":65,"artifacts:universal_attractor":1,"minecraft:smooth_basalt":1,"apotheosis:gem":2,"minecraft:torch":14,"minecraft:green_bed":1,"minecraft:dripstone_block":7,"minecraft:gravel":2,"minecraft:amethyst_shard":6,"minecraft:pointed_dripstone":1,"minecraft:diorite":18,"ars_nouveau:wilden_spike":2,"minecraft:trident":1,"minecraft:cyan_bed":1,"minecraft:spider_eye":25,"ars_nouveau:green_archwood_log":4,"minecraft:tnt":28,"gobber2:gobber2_foo":4,"minecraft:stone_sword":1,"minecraft:arrow":5,"minecraft:rotten_flesh":2,"artifacts:golden_hook":1,"tombstone:scroll_of_knowledge":1,"ars_nouveau:imbuement_chamber":2,"minecraft:granite":2,"minecraft:coal":25,"minecraft:obsidian":5,"gobber2:gobber2_goo":13,"minecraft:cobblestone":193},"minecraft:used":{"minecraft:trident":140,"gobber2:gobber2_goo":12,"minecraft:iron_shovel":2,"minecraft:flint_and_steel":13,"gobber2:gobber2_gooey_bread":8,"minecraft:chest":4,"minecraft:green_bed":1,"minecraft:torch":122,"minecraft:golden_apple":2,"minecraft:anvil":1,"minecraft:tnt":10,"minecraft:diamond_pickaxe":3,"minecraft:cyan_bed":1,"minecraft:iron_axe":3,"minecraft:bread":16,"minecraft:iron_pickaxe":487,"gobber2:gobber2_gooey_beef":11,"minecraft:cobblestone":33,"minecraft:cobbled_deepslate":48}},"DataVersion":3465}