{"stats":{"minecraft:dropped":{"minecraft:spruce_sign":1,"minecraft:iron_sword":1,"minecraft:warped_stem":2,"minecraft:moss_block":1,"minecraft:brown_mushroom":14,"minecraft:cooked_beef":4,"minecraft:diamond":5,"minecraft:ender_pearl":1,"minecraft:crafting_table":1,"mowziesmobs:umvuthana_mask_faith":1,"minecraft:leather":12,"artifacts:night_vision_goggles":1,"ars_nouveau:imbuement_chamber":1,"minecraft:dirt":2,"gobber2:gobber2_gooey_bread_nether":2,"minecraft:jungle_sapling":1,"minecraft:writable_book":1,"minecraft:sand":8,"minecraft:iron_pickaxe":1,"gobber2:gobber2_gooey_bread":5,"minecraft:gold_ingot":32,"minecraft:bone":53,"minecraft:gravel":4,"minecraft:stone_axe":1,"ars_nouveau:wilden_spike":2,"minecraft:cobbled_deepslate":2406,"minecraft:black_carpet":1,"minecraft:wheat":17,"minecraft:rotten_flesh":15,"minecraft:white_bed":1,"gobber2:gobber2_staff_ensnarement":3,"minecraft:mangrove_fence":2,"minecraft:chainmail_chestplate":1,"minecraft:poppy":1,"minecraft:trident":1,"minecraft:jungle_log":121,"gobber2:gobber2_chestplate":1,"minecraft:ladder":1,"tombstone:scroll_of_knowledge":1,"minecraft:arrow":8,"minecraft:iron_bars":13,"minecraft:basalt":46,"gobber2:gobber2_helmet":1,"minecraft:glass":2,"minecraft:beef":2,"minecraft:warped_wart_block":22,"minecraft:quartz":5,"minecraft:stone_brick_stairs":1,"minecraft:netherrack":80,"minecraft:iron_ingot":46,"minecraft:bread":27,"minecraft:oak_slab":2,"minecraft:wheat_seeds":68,"minecraft:deepslate_brick_wall":4,"minecraft:bookshelf":38,"minecraft:iron_helmet":5,"minecraft:feather":30,"minecraft:cobblestone":627,"minecraft:book":12,"minecraft:granite":203,"minecraft:copper_ingot":24,"minecraft:grass_block":3,"minecraft:coal":31,"minecraft:stick":6,"minecraft:cobweb":2,"minecraft:diorite":17,"minecraft:wooden_axe":1,"minecraft:diamond_helmet":1,"tombstone:grave_dust":7,"minecraft:iron_axe":1,"minecraft:string":5,"minecraft:gray_carpet":5,"waystones:attuned_shard":1,"minecraft:redstone":223,"minecraft:polished_deepslate":13,"gobber2:gobber2_leggings":1,"minecraft:coarse_dirt":7,"gobber2:gobber2_boots":1,"minecraft:deepslate":18,"ars_nouveau:archwood_planks":20,"minecraft:tuff":369,"minecraft:raw_iron":22,"gobber2:gobber2_gooey_beef":3,"gobber2:gobber2_axe":1,"waystones:warp_plate":1,"minecraft:spruce_fence":2,"minecraft:deepslate_bricks":64,"minecraft:shroomlight":1,"minecraft:stone":50,"minecraft:iron_chestplate":2,"minecraft:andesite":30,"ars_elemental:earth_caster_tome":3,"minecraft:oak_sapling":4,"gobber2:gobber2_pickaxe":1,"ars_nouveau:green_archwood_log":20,"minecraft:stone_bricks":7,"artifacts:cross_necklace":2,"minecraft:spruce_log":6,"sophisticatedbackpacks:copper_backpack":3,"minecraft:bow":1,"gobber2:gobber2_hammer":3,"minecraft:raw_gold":10,"minecraft:calcite":5},"minecraft:crafted":{"minecraft:oak_planks":8,"ars_nouveau:archwood_planks":124,"minecraft:blaze_powder":10,"minecraft:stone":65,"waystones:warp_plate":1,"minecraft:bookshelf":28,"minecraft:iron_bars":48,"gobber2:gobber2_pickaxe":1,"minecraft:emerald":45,"gobber2:gobber2_ingot":45,"minecraft:crafting_table":3,"minecraft:jungle_boat":1,"gobber2:gobber2_hammer":1,"minecraft:iron_helmet":2,"gobber2:gobber2_axe":1,"gobber2:gobber2_rod":16,"minecraft:copper_ingot":63,"minecraft:diamond_pickaxe":1,"minecraft:stick":1612,"minecraft:iron_ingot":66,"minecraft:gold_ingot":100,"minecraft:furnace":8,"minecraft:bone_meal":252,"minecraft:flint_and_steel":1,"gobber2:gobber2_glob":15,"minecraft:cooked_beef":13,"minecraft:jungle_planks":776,"minecraft:air":0,"gobber2:gobber2_staff_ensnarement":3,"waystones:warp_dust":8,"minecraft:torch":240},"minecraft:picked_up":{"minecraft:iron_chestplate":2,"minecraft:wheat":18,"minecraft:black_carpet":1,"minecraft:chainmail_boots":1,"minecraft:flower_pot":6,"minecraft:anvil":3,"minecraft:lead":1,"minecraft:diamond_sword":1,"minecraft:potion":3,"minecraft:wither_rose":2,"minecraft:enchanted_book":4,"minecraft:stone_brick_stairs":1,"tombstone:grave_key":1,"minecraft:golden_sword":1,"minecraft:amethyst_block":60,"gobber2:gobber2_axe":1,"minecraft:polished_deepslate":13,"minecraft:string":70,"minecraft:soul_soil":27,"minecraft:raw_copper":27,"minecraft:iron_leggings":2,"minecraft:experience_bottle":4,"minecraft:shroomlight":1,"minecraft:gold_nugget":30,"minecraft:cobbled_deepslate":6921,"minecraft:spruce_planks":4,"ars_elemental:earth_caster_tome":1,"minecraft:calcite":9,"minecraft:iron_pickaxe":2,"minecraft:iron_boots":1,"minecraft:tipped_arrow":1,"minecraft:stick":39,"artifacts:universal_attractor":1,"apotheosis:gem":19,"minecraft:deepslate_brick_wall":4,"minecraft:torch":48,"minecraft:green_bed":1,"minecraft:pointed_dripstone":1,"tombstone:grave_dust":15,"minecraft:diorite":41,"gobber2:gobber2_foo":9,"minecraft:stone_sword":3,"minecraft:rotten_flesh":40,"ars_nouveau:imbuement_chamber":2,"minecraft:bookshelf":10,"minecraft:blaze_rod":5,"minecraft:obsidian":8,"minecraft:iron_bars":7,"minecraft:cobblestone":908,"minecraft:enchanting_table":1,"minecraft:feather":51,"minecraft:andesite":126,"minecraft:jungle_log":525,"minecraft:copper_block":11,"gobber2:gobber2_leggings":2,"minecraft:flint":5,"minecraft:tuff":743,"gobber2:gobber2_gooey_bread_nether":6,"minecraft:wither_skeleton_skull":1,"minecraft:lapis_lazuli":137,"minecraft:dirt":37,"gobber2:gobber2_helmet":1,"minecraft:mangrove_fence":4,"minecraft:glass":4,"minecraft:bone":86,"minecraft:wheat_seeds":92,"minecraft:bow":1,"gobber2:gobber2_gooey_beef":19,"ars_nouveau:source_gem":1,"minecraft:raw_gold":40,"gobber2:gobber2_globette":142,"minecraft:fletching_table":1,"minecraft:diamond_helmet":1,"minecraft:moss_block":1,"minecraft:oak_planks":7,"gobber2:gobber2_gooey_bread":21,"gobber2:gobber2_rod_nether":3,"minecraft:cooked_porkchop":2,"minecraft:warped_wart_block":22,"gobber2:gobber2_staff_ensnarement":1,"gobber2:gobber2_chestplate":2,"minecraft:cyan_bed":1,"minecraft:grass_block":4,"minecraft:lily_of_the_valley":4,"ars_nouveau:wilden_horn":3,"artifacts:golden_hook":1,"minecraft:diamond":20,"minecraft:deepslate":89,"minecraft:writable_book":1,"minecraft:crossbow":1,"minecraft:granite":205,"minecraft:spruce_sign":1,"minecraft:emerald":1,"minecraft:bread":72,"minecraft:oak_sapling":6,"minecraft:netherrack":850,"gobber2:gobber2_goo":23,"gobber2:gobber2_boots":1,"sophisticatedbackpacks:gold_backpack":1,"minecraft:coarse_dirt":7,"minecraft:ladder":1,"artifacts:night_vision_goggles":1,"minecraft:nether_wart":26,"minecraft:brown_mushroom":71,"minecraft:shield":2,"minecraft:stripped_mangrove_log":3,"minecraft:cornflower":2,"ars_nouveau:archwood_planks":207,"minecraft:iron_axe":3,"minecraft:flint_and_steel":1,"minecraft:item_frame":5,"minecraft:cracked_stone_bricks":3,"minecraft:beef":4,"minecraft:player_head":2,"minecraft:jungle_sapling":32,"minecraft:poppy":1,"minecraft:light_gray_wool":1,"minecraft:sugar_cane":42,"minecraft:raw_iron":68,"minecraft:stone":60,"minecraft:copper_ingot":50,"minecraft:spruce_fence":2,"minecraft:cookie":5,"minecraft:trident":3,"minecraft:redstone":401,"ars_nouveau:green_archwood_log":9,"mowziesmobs:umvuthana_mask_faith":4,"minecraft:tnt":34,"gobber2:gobber2_globette_nether":106,"minecraft:arrow":29,"minecraft:diamond_chestplate":1,"gobber2:gobber2_gooey_beef_nether":4,"minecraft:deepslate_bricks":64,"artifacts:cross_necklace":2,"mowziesmobs:umvuthana_mask_bliss":2,"tombstone:essence_of_undeath":2,"minecraft:gold_ingot":40,"sophisticatedbackpacks:copper_backpack":2,"minecraft:glow_berries":2,"minecraft:mutton":3,"minecraft:bone_block":28,"minecraft:rail":1,"mowziesmobs:umvuthana_mask_fury":2,"minecraft:jungle_boat":1,"minecraft:basalt":46,"gobber2:gobber2_gooey_beefstew":8,"minecraft:leather":5,"ars_nouveau:wilden_wing":6,"minecraft:oak_log":2,"minecraft:chainmail_chestplate":2,"minecraft:golden_boots":1,"minecraft:gunpowder":3,"minecraft:white_banner":1,"minecraft:spawner":11,"minecraft:stone_bricks":8,"minecraft:gray_carpet":5,"mowziesmobs:umvuthana_mask_rage":5,"minecraft:warped_stem":2,"minecraft:iron_ingot":49,"minecraft:cobweb":2,"tombstone:bag_of_seeds":1,"minecraft:iron_sword":3,"mowziesmobs:umvuthana_mask_misery":4,"minecraft:soul_sand":40,"gobber2:gobber2_hammer":2,"minecraft:book":42,"minecraft:oak_slab":2,"minecraft:smooth_basalt":1,"minecraft:quartz":48,"minecraft:dripstone_block":7,"minecraft:gravel":16,"minecraft:amethyst_shard":34,"minecraft:white_bed":3,"minecraft:spruce_log":6,"minecraft:spider_eye":27,"ars_nouveau:wilden_spike":2,"minecraft:stone_axe":2,"tombstone:scroll_of_knowledge":1,"minecraft:iron_helmet":6,"minecraft:coal":102,"gobber2:gobber2_goo_nether":4,"minecraft:ender_pearl":3},"minecraft:mined":{"minecraft:large_amethyst_bud":1,"minecraft:spruce_planks":4,"minecraft:white_bed":2,"minecraft:red_nether_bricks":2,"minecraft:obsidian":5,"minecraft:granite":7,"minecraft:budding_amethyst":7,"minecraft:grass_block":1,"gobber2:gobber2_ore_deepslate":39,"gobber2:gobber2_lucky_block":23,"minecraft:jungle_log":525,"minecraft:soul_soil":20,"minecraft:nether_wart":6,"minecraft:spawner":22,"minecraft:iron_ore":57,"minecraft:cobbled_deepslate":10,"minecraft:fire":12,"gobber2:gobber2_ore_nether":12,"minecraft:anvil":3,"minecraft:deepslate_lapis_ore":11,"minecraft:fletching_table":1,"minecraft:small_amethyst_bud":1,"minecraft:iron_bars":2,"minecraft:potted_cornflower":2,"minecraft:green_bed":1,"minecraft:deepslate_redstone_ore":23,"minecraft:medium_amethyst_bud":2,"minecraft:soul_fire":2,"minecraft:amethyst_cluster":1,"minecraft:torch":13,"minecraft:calcite":4,"gobber2:gobber2_lucky_block_nether":6,"minecraft:mushroom_stem":18,"minecraft:nether_quartz_ore":8,"minecraft:cobblestone":7,"minecraft:sugar_cane":4,"minecraft:wall_torch":14,"minecraft:amethyst_block":60,"minecraft:deepslate_copper_ore":1,"minecraft:warped_nylium":2,"minecraft:tnt":8,"minecraft:grass":110,"minecraft:dirt":22,"minecraft:smooth_basalt":1,"minecraft:netherrack":108,"minecraft:deepslate":755,"minecraft:nether_gold_ore":1,"minecraft:tuff":64,"minecraft:deepslate_diamond_ore":6,"minecraft:brown_mushroom_block":170,"minecraft:andesite":21,"minecraft:bookshelf":14,"minecraft:deepslate_iron_ore":31,"minecraft:shroomlight":3,"minecraft:vine":9,"minecraft:rail":1,"minecraft:warped_stem":10,"minecraft:stone":270,"minecraft:bone_block":14,"minecraft:soul_sand":39,"minecraft:potted_lily_of_the_valley":4,"minecraft:basalt":3,"minecraft:dandelion":2,"minecraft:copper_ore":8,"minecraft:tall_grass":3,"minecraft:deepslate_gold_ore":46,"minecraft:diorite":30,"minecraft:warped_wart_block":83,"gobber2:gobber2_lucky_block_deepslate":37,"ars_nouveau:mage_block":1,"minecraft:coal_ore":30,"minecraft:gravel":21,"minecraft:dripstone_block":5,"minecraft:cobweb":35,"minecraft:cracked_stone_bricks":3,"minecraft:stone_bricks":1,"ars_nouveau:imbuement_chamber":1,"minecraft:gold_ore":2},"minecraft:used":{"apollyon:the_infector_spawn_egg":1,"minecraft:writable_book":2,"gobber2:gobber2_goo":28,"minecraft:iron_shovel":102,"minecraft:chest":4,"gobber2:gobber2_gooey_bread":16,"minecraft:shield":2,"minecraft:iron_sword":159,"minecraft:stone":42,"minecraft:nether_wart":24,"minecraft:rotten_flesh":2,"gobber2:gobber2_goo_nether":4,"minecraft:mutton":3,"minecraft:soul_sand":19,"minecraft:tuff":36,"minecraft:obsidian":25,"minecraft:jungle_sapling":20,"minecraft:lava_bucket":22,"gobber2:gobber2_hammer":1172,"mowziesmobs:umvuthana_mask_rage":1,"ars_nouveau:sourceberry_bush":5,"minecraft:furnace":8,"minecraft:diorite":6,"minecraft:oak_planks":3,"tombstone:tablet_of_guard":3,"minecraft:sugar_cane":42,"minecraft:jungle_boat":1,"minecraft:golden_apple":4,"minecraft:glow_berries":2,"ars_nouveau:archwood_planks":13,"gobber2:gobber2_gooey_bread_nether":4,"waystones:waystone":1,"gobber2:gobber2_gooey_beefstew":8,"minecraft:bread":64,"minecraft:cyan_bed":1,"gobber2:gobber2_axe":669,"tombstone:grave_key":1,"minecraft:deepslate":52,"minecraft:diamond_sword":131,"minecraft:bone_meal":17,"minecraft:trident":311,"minecraft:iron_bars":42,"minecraft:flint_and_steel":18,"minecraft:netherrack":126,"minecraft:torch":283,"minecraft:brewing_stand":1,"minecraft:dirt":1,"minecraft:anvil":3,"minecraft:iron_axe":190,"gobber2:gobber2_gooey_beef":21,"gobber2:gobber2_staff_ensnarement":18,"minecraft:beef":4,"waystones:warp_plate":1,"minecraft:soul_soil":13,"tombstone:gift":6,"minecraft:cooked_beef":9,"minecraft:cobbled_deepslate":312,"minecraft:fletching_table":1,"minecraft:stonecutter":1,"minecraft:green_bed":1,"minecraft:tnt":12,"minecraft:crafting_table":3,"minecraft:white_bed":2,"tombstone:bag_of_seeds":1,"minecraft:diamond_pickaxe":189,"minecraft:apple":1,"minecraft:iron_pickaxe":533,"minecraft:cobblestone":34,"minecraft:cooked_porkchop":5,"minecraft:bucket":22,"gobber2:gobber2_gooey_beef_nether":4},"minecraft:killed":{"minecraft:cave_spider":2,"minecraft:zombified_piglin":3,"minecraft:spider":18,"minecraft:skeleton":13,"mowziesmobs:umvuthana_crane":1,"minecraft:silverfish":1,"artifacts:mimic":3,"minecraft:piglin":1,"arphex:spider_larvae_tiny":14,"minecraft:creeper":1,"arphex:centipede_evictor_larvae":1,"minecraft:sheep":1,"minecraft:zombie":16,"minecraft:stray":1,"minecraft:blaze":4,"minecraft:cow":1,"arphex:spider_brood":1,"mowziesmobs:umvuthana":21,"minecraft:husk":2,"minecraft:wither_skeleton":11},"minecraft:killed_by":{"minecraft:creeper":1,"minecraft:blaze":1,"majruszsdifficulty:cursed_armor":1,"minecraft:player":2,"minecraft:stray":1},"minecraft:broken":{"mowziesmobs:umvuthana_mask_fury":1,"minecraft:iron_axe":1,"minecraft:iron_pickaxe":2,"minecraft:iron_helmet":1},"minecraft:custom":{"lootr:looted_stat":86,"minecraft:interact_with_crafting_table":95,"goblintraders:trade_with_goblin":99,"minecraft:leave_game":8,"minecraft:time_since_death":17061,"minecraft:damage_resisted":1,"minecraft:sprint_one_cm":1718744,"minecraft:damage_blocked_by_shield":382,"minecraft:drop":439,"minecraft:talked_to_villager":22,"minecraft:play_time":605341,"minecraft:deaths":7,"tombstone:tomb_raiding":3,"minecraft:interact_with_brewingstand":8,"minecraft:jump":3821,"minecraft:walk_on_water_one_cm":4245,"minecraft:enchant_item":1,"minecraft:interact_with_furnace":44,"minecraft:traded_with_villager":36,"minecraft:sleep_in_bed":8,"minecraft:waystone_activated":2,"minecraft:damage_dealt":27658,"minecraft:player_kills":12,"minecraft:crouch_one_cm":11678,"tombstone:undead_killed":46,"minecraft:horse_one_cm":770844,"minecraft:interact_with_anvil":24,"minecraft:mob_kills":120,"minecraft:damage_dealt_resisted":763,"minecraft:climb_one_cm":2000,"minecraft:walk_one_cm":1141355,"minecraft:damage_dealt_absorbed":120,"minecraft:sneak_time":4204,"minecraft:walk_under_water_one_cm":318,"minecraft:boat_one_cm":11947,"minecraft:interact_with_lectern":1,"minecraft:interact_with_blast_furnace":4,"minecraft:total_world_time":605341,"minecraft:interact_with_stonecutter":2,"minecraft:time_since_rest":14662,"minecraft:damage_taken":16260,"minecraft:damage_absorbed":161,"minecraft:swim_one_cm":5368,"minecraft:fly_one_cm":977493,"minecraft:open_chest":458,"minecraft:fall_one_cm":96035}},"DataVersion":3465}