{"stats":{"minecraft:killed_by":{"minecraft:blaze":1,"majruszsdifficulty:cursed_armor":1,"minecraft:player":2,"minecraft:stray":1},"minecraft:dropped":{"minecraft:iron_sword":1,"minecraft:brown_mushroom":14,"minecraft:diamond":5,"minecraft:crafting_table":1,"mowziesmobs:umvuthana_mask_faith":1,"minecraft:leather":12,"ars_nouveau:imbuement_chamber":1,"minecraft:sand":8,"minecraft:iron_pickaxe":1,"gobber2:gobber2_gooey_bread":5,"minecraft:gold_ingot":32,"minecraft:bone":44,"minecraft:gravel":4,"minecraft:stone_axe":1,"ars_nouveau:wilden_spike":2,"minecraft:cobbled_deepslate":2406,"minecraft:wheat":17,"minecraft:rotten_flesh":13,"minecraft:white_bed":1,"gobber2:gobber2_staff_ensnarement":3,"minecraft:mangrove_fence":2,"minecraft:chainmail_chestplate":1,"minecraft:poppy":1,"minecraft:trident":1,"gobber2:gobber2_chestplate":1,"minecraft:jungle_log":121,"tombstone:scroll_of_knowledge":1,"gobber2:gobber2_helmet":1,"minecraft:iron_bars":11,"minecraft:arrow":6,"minecraft:glass":2,"minecraft:beef":2,"minecraft:iron_ingot":46,"minecraft:bread":27,"minecraft:wheat_seeds":68,"minecraft:bookshelf":38,"minecraft:feather":30,"minecraft:iron_helmet":5,"minecraft:cobblestone":627,"minecraft:book":12,"minecraft:granite":203,"minecraft:copper_ingot":24,"minecraft:grass_block":3,"minecraft:coal":29,"minecraft:stick":6,"minecraft:cobweb":2,"minecraft:diorite":17,"minecraft:wooden_axe":1,"tombstone:grave_dust":7,"minecraft:iron_axe":1,"minecraft:string":5,"waystones:attuned_shard":1,"minecraft:redstone":223,"gobber2:gobber2_leggings":1,"gobber2:gobber2_boots":1,"minecraft:deepslate":18,"ars_nouveau:archwood_planks":20,"minecraft:tuff":369,"gobber2:gobber2_gooey_beef":3,"minecraft:raw_iron":22,"waystones:warp_plate":1,"minecraft:deepslate_bricks":64,"minecraft:stone":50,"minecraft:iron_chestplate":2,"minecraft:andesite":30,"ars_elemental:earth_caster_tome":3,"minecraft:oak_sapling":1,"gobber2:gobber2_pickaxe":1,"ars_nouveau:green_archwood_log":20,"minecraft:stone_bricks":2,"artifacts:cross_necklace":2,"sophisticatedbackpacks:copper_backpack":3,"minecraft:bow":1,"gobber2:gobber2_hammer":2,"minecraft:raw_gold":10},"minecraft:custom":{"lootr:looted_stat":29,"minecraft:interact_with_crafting_table":81,"goblintraders:trade_with_goblin":93,"minecraft:leave_game":5,"minecraft:time_since_death":124798,"minecraft:damage_resisted":0,"minecraft:sprint_one_cm":1294098,"minecraft:drop":379,"minecraft:talked_to_villager":22,"minecraft:play_time":453919,"minecraft:deaths":6,"tombstone:tomb_raiding":3,"minecraft:jump":3119,"minecraft:interact_with_brewingstand":8,"minecraft:walk_on_water_one_cm":1442,"minecraft:enchant_item":1,"minecraft:interact_with_furnace":44,"minecraft:traded_with_villager":36,"minecraft:sleep_in_bed":6,"minecraft:waystone_activated":2,"minecraft:damage_dealt":21399,"minecraft:player_kills":12,"minecraft:crouch_one_cm":9962,"tombstone:undead_killed":32,"minecraft:mob_kills":86,"minecraft:interact_with_anvil":21,"minecraft:damage_dealt_resisted":619,"minecraft:climb_one_cm":1087,"minecraft:walk_one_cm":920076,"minecraft:sneak_time":2492,"minecraft:walk_under_water_one_cm":125,"minecraft:boat_one_cm":11947,"minecraft:interact_with_blast_furnace":4,"minecraft:total_world_time":453919,"minecraft:interact_with_stonecutter":2,"minecraft:time_since_rest":67352,"minecraft:damage_taken":14068,"minecraft:damage_absorbed":161,"minecraft:swim_one_cm":2544,"minecraft:fly_one_cm":652210,"minecraft:open_chest":444,"minecraft:fall_one_cm":80104},"minecraft:crafted":{"minecraft:oak_planks":8,"ars_nouveau:archwood_planks":124,"minecraft:blaze_powder":10,"minecraft:stone":65,"waystones:warp_plate":1,"minecraft:bookshelf":28,"minecraft:iron_bars":48,"gobber2:gobber2_pickaxe":1,"minecraft:emerald":39,"gobber2:gobber2_ingot":45,"minecraft:crafting_table":2,"minecraft:jungle_boat":1,"gobber2:gobber2_hammer":1,"minecraft:iron_helmet":2,"gobber2:gobber2_axe":1,"gobber2:gobber2_rod":12,"minecraft:copper_ingot":63,"minecraft:diamond_pickaxe":1,"minecraft:stick":1608,"minecraft:iron_ingot":66,"minecraft:gold_ingot":100,"minecraft:furnace":8,"minecraft:bone_meal":252,"minecraft:flint_and_steel":1,"gobber2:gobber2_glob":15,"minecraft:cooked_beef":13,"minecraft:jungle_planks":776,"minecraft:air":0,"gobber2:gobber2_staff_ensnarement":1,"waystones:warp_dust":8,"minecraft:torch":240},"minecraft:killed":{"minecraft:cave_spider":2,"minecraft:zombified_piglin":3,"minecraft:spider":18,"minecraft:skeleton":10,"mowziesmobs:umvuthana_crane":1,"minecraft:silverfish":1,"artifacts:mimic":3,"minecraft:creeper":1,"minecraft:sheep":1,"minecraft:zombie":12,"minecraft:stray":1,"minecraft:cow":1,"minecraft:blaze":3,"mowziesmobs:umvuthana":21,"minecraft:husk":2,"minecraft:wither_skeleton":4},"minecraft:broken":{"mowziesmobs:umvuthana_mask_fury":1,"minecraft:iron_axe":1,"minecraft:iron_pickaxe":2,"minecraft:iron_helmet":1},"minecraft:mined":{"minecraft:large_amethyst_bud":1,"minecraft:white_bed":1,"minecraft:granite":7,"minecraft:budding_amethyst":7,"minecraft:grass_block":1,"gobber2:gobber2_ore_deepslate":39,"gobber2:gobber2_lucky_block":23,"minecraft:jungle_log":525,"minecraft:soul_soil":20,"minecraft:nether_wart":6,"minecraft:spawner":22,"minecraft:iron_ore":57,"minecraft:cobbled_deepslate":10,"minecraft:fire":10,"minecraft:fletching_table":1,"minecraft:deepslate_lapis_ore":11,"minecraft:anvil":3,"minecraft:small_amethyst_bud":1,"minecraft:iron_bars":1,"minecraft:green_bed":1,"minecraft:deepslate_redstone_ore":23,"minecraft:medium_amethyst_bud":2,"minecraft:soul_fire":1,"minecraft:amethyst_cluster":1,"minecraft:torch":12,"minecraft:calcite":4,"gobber2:gobber2_lucky_block_nether":2,"minecraft:mushroom_stem":18,"minecraft:nether_quartz_ore":5,"minecraft:cobblestone":7,"minecraft:sugar_cane":4,"minecraft:wall_torch":14,"minecraft:amethyst_block":60,"minecraft:deepslate_copper_ore":1,"minecraft:tnt":3,"minecraft:grass":100,"minecraft:dirt":22,"minecraft:smooth_basalt":1,"minecraft:netherrack":18,"minecraft:deepslate":755,"minecraft:tuff":64,"minecraft:deepslate_diamond_ore":6,"minecraft:brown_mushroom_block":170,"minecraft:andesite":21,"minecraft:deepslate_iron_ore":31,"minecraft:vine":9,"minecraft:rail":1,"minecraft:stone":270,"minecraft:bone_block":14,"minecraft:soul_sand":39,"minecraft:tall_grass":3,"minecraft:copper_ore":8,"minecraft:deepslate_gold_ore":46,"minecraft:diorite":30,"gobber2:gobber2_lucky_block_deepslate":37,"ars_nouveau:mage_block":1,"minecraft:coal_ore":30,"minecraft:gravel":21,"minecraft:dripstone_block":5,"minecraft:cobweb":35,"minecraft:cracked_stone_bricks":3,"minecraft:stone_bricks":1,"ars_nouveau:imbuement_chamber":1,"minecraft:gold_ore":2},"minecraft:picked_up":{"minecraft:wheat":18,"minecraft:iron_chestplate":2,"minecraft:chainmail_boots":1,"minecraft:anvil":3,"minecraft:lead":1,"minecraft:potion":2,"minecraft:enchanted_book":3,"tombstone:grave_key":1,"minecraft:golden_sword":1,"minecraft:amethyst_block":60,"minecraft:string":70,"minecraft:soul_soil":27,"minecraft:raw_copper":27,"minecraft:iron_leggings":1,"minecraft:experience_bottle":4,"minecraft:gold_nugget":5,"minecraft:cobbled_deepslate":6921,"ars_elemental:earth_caster_tome":1,"minecraft:calcite":4,"minecraft:iron_pickaxe":2,"minecraft:iron_boots":1,"minecraft:tipped_arrow":1,"minecraft:stick":39,"artifacts:universal_attractor":1,"apotheosis:gem":5,"minecraft:torch":47,"minecraft:green_bed":1,"minecraft:pointed_dripstone":1,"tombstone:grave_dust":13,"minecraft:diorite":41,"gobber2:gobber2_foo":9,"minecraft:stone_sword":2,"minecraft:rotten_flesh":33,"ars_nouveau:imbuement_chamber":2,"minecraft:bookshelf":10,"minecraft:blaze_rod":5,"minecraft:obsidian":8,"minecraft:iron_bars":5,"minecraft:cobblestone":908,"minecraft:enchanting_table":1,"minecraft:feather":51,"minecraft:andesite":126,"minecraft:jungle_log":525,"minecraft:copper_block":11,"gobber2:gobber2_leggings":2,"minecraft:flint":5,"minecraft:tuff":743,"gobber2:gobber2_gooey_bread_nether":3,"minecraft:lapis_lazuli":137,"minecraft:dirt":35,"gobber2:gobber2_helmet":1,"minecraft:bone":76,"minecraft:mangrove_fence":4,"minecraft:glass":4,"ars_nouveau:source_gem":1,"minecraft:bow":1,"gobber2:gobber2_gooey_beef":19,"minecraft:wheat_seeds":92,"minecraft:raw_gold":40,"gobber2:gobber2_globette":142,"minecraft:fletching_table":1,"minecraft:oak_planks":7,"gobber2:gobber2_gooey_bread":21,"gobber2:gobber2_rod_nether":3,"minecraft:cooked_porkchop":2,"gobber2:gobber2_staff_ensnarement":1,"gobber2:gobber2_chestplate":2,"minecraft:grass_block":4,"minecraft:cyan_bed":1,"artifacts:golden_hook":1,"minecraft:diamond":20,"minecraft:deepslate":89,"minecraft:crossbow":1,"minecraft:granite":205,"minecraft:bread":72,"minecraft:emerald":1,"minecraft:oak_sapling":2,"minecraft:netherrack":181,"gobber2:gobber2_boots":1,"gobber2:gobber2_goo":23,"minecraft:nether_wart":26,"minecraft:brown_mushroom":71,"minecraft:shield":1,"minecraft:stripped_mangrove_log":3,"ars_nouveau:archwood_planks":207,"minecraft:flint_and_steel":1,"minecraft:iron_axe":2,"minecraft:item_frame":1,"minecraft:cracked_stone_bricks":3,"minecraft:beef":4,"minecraft:jungle_sapling":30,"minecraft:poppy":1,"minecraft:light_gray_wool":1,"minecraft:sugar_cane":42,"minecraft:raw_iron":68,"minecraft:stone":60,"minecraft:copper_ingot":50,"minecraft:trident":3,"minecraft:redstone":401,"mowziesmobs:umvuthana_mask_faith":4,"ars_nouveau:green_archwood_log":9,"minecraft:tnt":29,"minecraft:arrow":25,"gobber2:gobber2_gooey_beef_nether":2,"minecraft:deepslate_bricks":64,"artifacts:cross_necklace":2,"mowziesmobs:umvuthana_mask_bliss":2,"tombstone:essence_of_undeath":2,"minecraft:gold_ingot":40,"sophisticatedbackpacks:copper_backpack":2,"minecraft:glow_berries":2,"minecraft:mutton":3,"minecraft:rail":1,"minecraft:bone_block":28,"mowziesmobs:umvuthana_mask_fury":2,"minecraft:jungle_boat":1,"gobber2:gobber2_gooey_beefstew":8,"minecraft:leather":5,"ars_nouveau:wilden_wing":2,"minecraft:oak_log":2,"minecraft:chainmail_chestplate":2,"minecraft:golden_boots":1,"minecraft:gunpowder":3,"minecraft:white_banner":1,"minecraft:spawner":11,"minecraft:stone_bricks":2,"mowziesmobs:umvuthana_mask_rage":5,"minecraft:iron_ingot":49,"minecraft:cobweb":2,"tombstone:bag_of_seeds":1,"minecraft:soul_sand":40,"minecraft:iron_sword":3,"mowziesmobs:umvuthana_mask_misery":4,"gobber2:gobber2_hammer":1,"minecraft:smooth_basalt":1,"minecraft:quartz":19,"minecraft:dripstone_block":7,"minecraft:gravel":16,"minecraft:amethyst_shard":34,"minecraft:white_bed":2,"minecraft:spider_eye":27,"ars_nouveau:wilden_spike":2,"minecraft:stone_axe":2,"tombstone:scroll_of_knowledge":1,"minecraft:iron_helmet":6,"minecraft:coal":99,"minecraft:ender_pearl":3},"minecraft:used":{"gobber2:gobber2_goo":25,"minecraft:iron_shovel":101,"gobber2:gobber2_gooey_bread":16,"minecraft:chest":4,"minecraft:stone":42,"minecraft:iron_sword":159,"minecraft:nether_wart":24,"minecraft:mutton":3,"minecraft:soul_sand":19,"minecraft:tuff":36,"minecraft:obsidian":10,"minecraft:jungle_sapling":20,"minecraft:lava_bucket":18,"gobber2:gobber2_hammer":1053,"mowziesmobs:umvuthana_mask_rage":1,"ars_nouveau:sourceberry_bush":5,"minecraft:furnace":8,"minecraft:diorite":6,"minecraft:oak_planks":3,"tombstone:tablet_of_guard":3,"minecraft:sugar_cane":42,"minecraft:jungle_boat":1,"minecraft:golden_apple":4,"minecraft:glow_berries":2,"ars_nouveau:archwood_planks":13,"gobber2:gobber2_gooey_bread_nether":3,"waystones:waystone":1,"gobber2:gobber2_gooey_beefstew":8,"minecraft:cyan_bed":1,"minecraft:bread":59,"gobber2:gobber2_axe":541,"tombstone:grave_key":1,"minecraft:deepslate":52,"minecraft:bone_meal":17,"minecraft:trident":297,"minecraft:iron_bars":42,"minecraft:flint_and_steel":15,"minecraft:netherrack":4,"minecraft:torch":282,"minecraft:brewing_stand":1,"minecraft:dirt":1,"minecraft:anvil":3,"minecraft:iron_axe":190,"gobber2:gobber2_staff_ensnarement":10,"gobber2:gobber2_gooey_beef":21,"minecraft:beef":4,"minecraft:soul_soil":13,"waystones:warp_plate":1,"tombstone:gift":6,"minecraft:cooked_beef":1,"minecraft:cobbled_deepslate":312,"minecraft:fletching_table":1,"minecraft:stonecutter":1,"minecraft:green_bed":1,"minecraft:tnt":12,"minecraft:crafting_table":2,"tombstone:bag_of_seeds":1,"minecraft:diamond_pickaxe":184,"minecraft:apple":1,"minecraft:iron_pickaxe":533,"minecraft:cobblestone":34,"minecraft:cooked_porkchop":5,"minecraft:bucket":18,"gobber2:gobber2_gooey_beef_nether":2}},"DataVersion":3465}